CREATE TABLE IF NOT EXISTS "auth_group" ("id" integer NOT NULL PRIMARY KEY AUTOINCREMENT, "name" varchar(150) NOT NULL UNIQUE);
CREATE UNIQUE INDEX "auth_group_permissions_group_id_permission_id_0cd325b0_uniq" ON "auth_group_permissions" ("group_id", "permission_id");
CREATE INDEX IF NOT EXISTS "auth_group_permissions_group_id_b120cbf9" ON "auth_group_permissions" ("group_id");
CREATE INDEX IF NOT EXISTS "auth_group_permissions_permission_id_84c5c92e" ON "auth_group_permissions" ("permission_id");
CREATE UNIQUE INDEX "auth_user_groups_user_id_group_id_94350c0c_uniq" ON "auth_user_groups" ("user_id", "group_id");
CREATE INDEX IF NOT EXISTS "auth_user_groups_user_id_6a12ed8b" ON "auth_user_groups" ("user_id");
CREATE INDEX IF NOT EXISTS "auth_user_groups_group_id_97559544" ON "auth_user_groups" ("group_id");
CREATE UNIQUE INDEX "auth_user_user_permissions_user_id_permission_id_14a6b632_uniq" ON "auth_user_user_permissions" ("user_id", "permission_id");
CREATE INDEX IF NOT EXISTS "auth_user_user_permissions_user_id_a95ead1b" ON "auth_user_user_permissions" ("user_id");
CREATE INDEX IF NOT EXISTS "auth_user_user_permissions_permission_id_1fbb5f2c" ON "auth_user_user_permissions" ("permission_id");
CREATE INDEX IF NOT EXISTS "django_admin_log_content_type_id_c4bce8eb" ON "django_admin_log" ("content_type_id");
CREATE INDEX IF NOT EXISTS "django_admin_log_user_id_c564eba6" ON "django_admin_log" ("user_id");
CREATE UNIQUE INDEX "django_content_type_app_label_model_76bd3d3b_uniq" ON "django_content_type" ("app_label", "model");
CREATE UNIQUE INDEX "auth_permission_content_type_id_codename_01ab375a_uniq" ON "auth_permission" ("content_type_id", "codename");
CREATE INDEX IF NOT EXISTS "auth_permission_content_type_id_2f476e4b" ON "auth_permission" ("content_type_id");
CREATE INDEX IF NOT EXISTS "content_assettag_category_id_c168d6a0" ON "content_assettag" ("category_id");
CREATE UNIQUE INDEX "content_asset_tags_asset_id_assettag_id_4e1866d9_uniq" ON "content_asset_tags" ("asset_id", "assettag_id");
CREATE INDEX IF NOT EXISTS "content_asset_tags_asset_id_559b2df4" ON "content_asset_tags" ("asset_id");
CREATE INDEX IF NOT EXISTS "content_asset_tags_assettag_id_3798b13b" ON "content_asset_tags" ("assettag_id");
CREATE UNIQUE INDEX "content_asset_textures_asset_id_texture_id_195211a7_uniq" ON "content_asset_textures" ("asset_id", "texture_id");
CREATE INDEX IF NOT EXISTS "content_asset_textures_asset_id_cbf1eb2c" ON "content_asset_textures" ("asset_id");
CREATE INDEX IF NOT EXISTS "content_asset_textures_texture_id_4806b76d" ON "content_asset_textures" ("texture_id");
CREATE INDEX IF NOT EXISTS "django_session_expire_date_a5c62663" ON "django_session" ("expire_date");
CREATE INDEX IF NOT EXISTS "content_asset_author_id_5b35e82f" ON "content_asset" ("author_id");
CREATE UNIQUE INDEX "content_asset_favorites_asset_id_user_id_576e585a_uniq" ON "content_asset_favorites" ("asset_id", "user_id");
CREATE INDEX IF NOT EXISTS "content_asset_favorites_asset_id_39f92eec" ON "content_asset_favorites" ("asset_id");
CREATE INDEX IF NOT EXISTS "content_asset_favorites_user_id_53cd0955" ON "content_asset_favorites" ("user_id");
CREATE TABLE IF NOT EXISTS "auth_group_permissions" ("id" integer NOT NULL PRIMARY KEY AUTOINCREMENT, "group_id" integer NOT NULL REFERENCES "auth_group" ("id") DEFERRABLE INITIALLY DEFERRED, "permission_id" integer NOT NULL REFERENCES "auth_permission" ("id") DEFERRABLE INITIALLY DEFERRED);
CREATE UNIQUE INDEX "auth_group_permissions_group_id_permission_id_0cd325b0_uniq" ON "auth_group_permissions" ("group_id", "permission_id");
CREATE INDEX IF NOT EXISTS "auth_group_permissions_group_id_b120cbf9" ON "auth_group_permissions" ("group_id");
CREATE INDEX IF NOT EXISTS "auth_group_permissions_permission_id_84c5c92e" ON "auth_group_permissions" ("permission_id");
CREATE UNIQUE INDEX "auth_user_groups_user_id_group_id_94350c0c_uniq" ON "auth_user_groups" ("user_id", "group_id");
CREATE INDEX IF NOT EXISTS "auth_user_groups_user_id_6a12ed8b" ON "auth_user_groups" ("user_id");
CREATE INDEX IF NOT EXISTS "auth_user_groups_group_id_97559544" ON "auth_user_groups" ("group_id");
CREATE UNIQUE INDEX "auth_user_user_permissions_user_id_permission_id_14a6b632_uniq" ON "auth_user_user_permissions" ("user_id", "permission_id");
CREATE INDEX IF NOT EXISTS "auth_user_user_permissions_user_id_a95ead1b" ON "auth_user_user_permissions" ("user_id");
CREATE INDEX IF NOT EXISTS "auth_user_user_permissions_permission_id_1fbb5f2c" ON "auth_user_user_permissions" ("permission_id");
CREATE INDEX IF NOT EXISTS "django_admin_log_content_type_id_c4bce8eb" ON "django_admin_log" ("content_type_id");
CREATE INDEX IF NOT EXISTS "django_admin_log_user_id_c564eba6" ON "django_admin_log" ("user_id");
CREATE UNIQUE INDEX "django_content_type_app_label_model_76bd3d3b_uniq" ON "django_content_type" ("app_label", "model");
CREATE UNIQUE INDEX "auth_permission_content_type_id_codename_01ab375a_uniq" ON "auth_permission" ("content_type_id", "codename");
CREATE INDEX IF NOT EXISTS "auth_permission_content_type_id_2f476e4b" ON "auth_permission" ("content_type_id");
CREATE INDEX IF NOT EXISTS "content_assettag_category_id_c168d6a0" ON "content_assettag" ("category_id");
CREATE UNIQUE INDEX "content_asset_tags_asset_id_assettag_id_4e1866d9_uniq" ON "content_asset_tags" ("asset_id", "assettag_id");
CREATE INDEX IF NOT EXISTS "content_asset_tags_asset_id_559b2df4" ON "content_asset_tags" ("asset_id");
CREATE INDEX IF NOT EXISTS "content_asset_tags_assettag_id_3798b13b" ON "content_asset_tags" ("assettag_id");
CREATE UNIQUE INDEX "content_asset_textures_asset_id_texture_id_195211a7_uniq" ON "content_asset_textures" ("asset_id", "texture_id");
CREATE INDEX IF NOT EXISTS "content_asset_textures_asset_id_cbf1eb2c" ON "content_asset_textures" ("asset_id");
CREATE INDEX IF NOT EXISTS "content_asset_textures_texture_id_4806b76d" ON "content_asset_textures" ("texture_id");
CREATE INDEX IF NOT EXISTS "django_session_expire_date_a5c62663" ON "django_session" ("expire_date");
CREATE INDEX IF NOT EXISTS "content_asset_author_id_5b35e82f" ON "content_asset" ("author_id");
CREATE UNIQUE INDEX "content_asset_favorites_asset_id_user_id_576e585a_uniq" ON "content_asset_favorites" ("asset_id", "user_id");
CREATE INDEX IF NOT EXISTS "content_asset_favorites_asset_id_39f92eec" ON "content_asset_favorites" ("asset_id");
CREATE INDEX IF NOT EXISTS "content_asset_favorites_user_id_53cd0955" ON "content_asset_favorites" ("user_id");
CREATE TABLE IF NOT EXISTS "auth_permission" ("id" integer NOT NULL PRIMARY KEY AUTOINCREMENT, "content_type_id" integer NOT NULL REFERENCES "django_content_type" ("id") DEFERRABLE INITIALLY DEFERRED, "codename" varchar(100) NOT NULL, "name" varchar(255) NOT NULL);
INSERT INTO "auth_permission" VALUES(1,1,'add_logentry','Can add log entry');
INSERT INTO "auth_permission" VALUES(2,1,'change_logentry','Can change log entry');
INSERT INTO "auth_permission" VALUES(3,1,'delete_logentry','Can delete log entry');
INSERT INTO "auth_permission" VALUES(4,1,'view_logentry','Can view log entry');
INSERT INTO "auth_permission" VALUES(5,2,'add_permission','Can add permission');
INSERT INTO "auth_permission" VALUES(6,2,'change_permission','Can change permission');
INSERT INTO "auth_permission" VALUES(7,2,'delete_permission','Can delete permission');
INSERT INTO "auth_permission" VALUES(8,2,'view_permission','Can view permission');
INSERT INTO "auth_permission" VALUES(9,3,'add_group','Can add group');
INSERT INTO "auth_permission" VALUES(10,3,'change_group','Can change group');
INSERT INTO "auth_permission" VALUES(11,3,'delete_group','Can delete group');
INSERT INTO "auth_permission" VALUES(12,3,'view_group','Can view group');
INSERT INTO "auth_permission" VALUES(13,4,'add_user','Can add user');
INSERT INTO "auth_permission" VALUES(14,4,'change_user','Can change user');
INSERT INTO "auth_permission" VALUES(15,4,'delete_user','Can delete user');
INSERT INTO "auth_permission" VALUES(16,4,'view_user','Can view user');
INSERT INTO "auth_permission" VALUES(17,5,'add_contenttype','Can add content type');
INSERT INTO "auth_permission" VALUES(18,5,'change_contenttype','Can change content type');
INSERT INTO "auth_permission" VALUES(19,5,'delete_contenttype','Can delete content type');
INSERT INTO "auth_permission" VALUES(20,5,'view_contenttype','Can view content type');
INSERT INTO "auth_permission" VALUES(21,6,'add_session','Can add session');
INSERT INTO "auth_permission" VALUES(22,6,'change_session','Can change session');
INSERT INTO "auth_permission" VALUES(23,6,'delete_session','Can delete session');
INSERT INTO "auth_permission" VALUES(24,6,'view_session','Can view session');
INSERT INTO "auth_permission" VALUES(25,7,'add_assettagcategory','Can add asset_tag_category');
INSERT INTO "auth_permission" VALUES(26,7,'change_assettagcategory','Can change asset_tag_category');
INSERT INTO "auth_permission" VALUES(27,7,'delete_assettagcategory','Can delete asset_tag_category');
INSERT INTO "auth_permission" VALUES(28,7,'view_assettagcategory','Can view asset_tag_category');
INSERT INTO "auth_permission" VALUES(29,8,'add_texture','Can add texture');
INSERT INTO "auth_permission" VALUES(30,8,'change_texture','Can change texture');
INSERT INTO "auth_permission" VALUES(31,8,'delete_texture','Can delete texture');
INSERT INTO "auth_permission" VALUES(32,8,'view_texture','Can view texture');
INSERT INTO "auth_permission" VALUES(33,9,'add_assettag','Can add asset_tag');
INSERT INTO "auth_permission" VALUES(34,9,'change_assettag','Can change asset_tag');
INSERT INTO "auth_permission" VALUES(35,9,'delete_assettag','Can delete asset_tag');
INSERT INTO "auth_permission" VALUES(36,9,'view_assettag','Can view asset_tag');
INSERT INTO "auth_permission" VALUES(37,10,'add_asset','Can add asset');
INSERT INTO "auth_permission" VALUES(38,10,'change_asset','Can change asset');
INSERT INTO "auth_permission" VALUES(39,10,'delete_asset','Can delete asset');
INSERT INTO "auth_permission" VALUES(40,10,'view_asset','Can view asset');
INSERT INTO "auth_permission" VALUES(41,10,'see_own','Can see own added assets');
INSERT INTO "auth_permission" VALUES(42,10,'see_others','Can see others added assets');
INSERT INTO "auth_permission" VALUES(43,10,'edit_own','Can edit own assets');
INSERT INTO "auth_permission" VALUES(44,10,'edit_others','Can edit others assets');
INSERT INTO "auth_permission" VALUES(45,10,'upload','Can upload assets');
INSERT INTO "auth_permission" VALUES(46,10,'see_own_assets','Can see own added assets');
INSERT INTO "auth_permission" VALUES(47,10,'see_others_assets','Can see others added assets');
INSERT INTO "auth_permission" VALUES(48,10,'edit_own_assets','Can edit own assets');
INSERT INTO "auth_permission" VALUES(49,10,'edit_others_assets','Can edit others assets');
INSERT INTO "auth_permission" VALUES(50,10,'upload_assets','Can upload assets');
INSERT INTO "auth_permission" VALUES(51,10,'delete_own','Can delete own assets');
INSERT INTO "auth_permission" VALUES(52,10,'delete_others','Can delete others assets');
CREATE UNIQUE INDEX "auth_group_permissions_group_id_permission_id_0cd325b0_uniq" ON "auth_group_permissions" ("group_id", "permission_id");
CREATE INDEX IF NOT EXISTS "auth_group_permissions_group_id_b120cbf9" ON "auth_group_permissions" ("group_id");
CREATE INDEX IF NOT EXISTS "auth_group_permissions_permission_id_84c5c92e" ON "auth_group_permissions" ("permission_id");
CREATE UNIQUE INDEX "auth_user_groups_user_id_group_id_94350c0c_uniq" ON "auth_user_groups" ("user_id", "group_id");
CREATE INDEX IF NOT EXISTS "auth_user_groups_user_id_6a12ed8b" ON "auth_user_groups" ("user_id");
CREATE INDEX IF NOT EXISTS "auth_user_groups_group_id_97559544" ON "auth_user_groups" ("group_id");
CREATE UNIQUE INDEX "auth_user_user_permissions_user_id_permission_id_14a6b632_uniq" ON "auth_user_user_permissions" ("user_id", "permission_id");
CREATE INDEX IF NOT EXISTS "auth_user_user_permissions_user_id_a95ead1b" ON "auth_user_user_permissions" ("user_id");
CREATE INDEX IF NOT EXISTS "auth_user_user_permissions_permission_id_1fbb5f2c" ON "auth_user_user_permissions" ("permission_id");
CREATE INDEX IF NOT EXISTS "django_admin_log_content_type_id_c4bce8eb" ON "django_admin_log" ("content_type_id");
CREATE INDEX IF NOT EXISTS "django_admin_log_user_id_c564eba6" ON "django_admin_log" ("user_id");
CREATE UNIQUE INDEX "django_content_type_app_label_model_76bd3d3b_uniq" ON "django_content_type" ("app_label", "model");
CREATE UNIQUE INDEX "auth_permission_content_type_id_codename_01ab375a_uniq" ON "auth_permission" ("content_type_id", "codename");
CREATE INDEX IF NOT EXISTS "auth_permission_content_type_id_2f476e4b" ON "auth_permission" ("content_type_id");
CREATE INDEX IF NOT EXISTS "content_assettag_category_id_c168d6a0" ON "content_assettag" ("category_id");
CREATE UNIQUE INDEX "content_asset_tags_asset_id_assettag_id_4e1866d9_uniq" ON "content_asset_tags" ("asset_id", "assettag_id");
CREATE INDEX IF NOT EXISTS "content_asset_tags_asset_id_559b2df4" ON "content_asset_tags" ("asset_id");
CREATE INDEX IF NOT EXISTS "content_asset_tags_assettag_id_3798b13b" ON "content_asset_tags" ("assettag_id");
CREATE UNIQUE INDEX "content_asset_textures_asset_id_texture_id_195211a7_uniq" ON "content_asset_textures" ("asset_id", "texture_id");
CREATE INDEX IF NOT EXISTS "content_asset_textures_asset_id_cbf1eb2c" ON "content_asset_textures" ("asset_id");
CREATE INDEX IF NOT EXISTS "content_asset_textures_texture_id_4806b76d" ON "content_asset_textures" ("texture_id");
CREATE INDEX IF NOT EXISTS "django_session_expire_date_a5c62663" ON "django_session" ("expire_date");
CREATE INDEX IF NOT EXISTS "content_asset_author_id_5b35e82f" ON "content_asset" ("author_id");
CREATE UNIQUE INDEX "content_asset_favorites_asset_id_user_id_576e585a_uniq" ON "content_asset_favorites" ("asset_id", "user_id");
CREATE INDEX IF NOT EXISTS "content_asset_favorites_asset_id_39f92eec" ON "content_asset_favorites" ("asset_id");
CREATE INDEX IF NOT EXISTS "content_asset_favorites_user_id_53cd0955" ON "content_asset_favorites" ("user_id");
CREATE TABLE IF NOT EXISTS "auth_user" ("id" integer NOT NULL PRIMARY KEY AUTOINCREMENT, "password" varchar(128) NOT NULL, "last_login" datetime NULL, "is_superuser" bool NOT NULL, "username" varchar(150) NOT NULL UNIQUE, "last_name" varchar(150) NOT NULL, "email" varchar(254) NOT NULL, "is_staff" bool NOT NULL, "is_active" bool NOT NULL, "date_joined" datetime NOT NULL, "first_name" varchar(150) NOT NULL);
INSERT INTO "auth_user" VALUES(1,'pbkdf2_sha256$600000$Xq39RTw0McfXgTO1qBuVT7$hnDtIvVvjZ8LUKHJSindVgfK2ehT/dBevY70C9JWi1Y=','2023-07-14 11:23:24.788211',1,'admin','','',1,1,'2023-06-09 10:45:06.913565','');
INSERT INTO "auth_user" VALUES(2,'pbkdf2_sha256$600000$lsRMygg3nD2AvsGrO5d4HH$lWI/rXDIYiO5bpoVRDnsw50ng9c4qKxmPnEZprCS76g=','2023-07-13 18:48:26.870712',0,'test','','',1,1,'2023-06-17 13:10:28','');
CREATE UNIQUE INDEX "auth_group_permissions_group_id_permission_id_0cd325b0_uniq" ON "auth_group_permissions" ("group_id", "permission_id");
CREATE INDEX IF NOT EXISTS "auth_group_permissions_group_id_b120cbf9" ON "auth_group_permissions" ("group_id");
CREATE INDEX IF NOT EXISTS "auth_group_permissions_permission_id_84c5c92e" ON "auth_group_permissions" ("permission_id");
CREATE UNIQUE INDEX "auth_user_groups_user_id_group_id_94350c0c_uniq" ON "auth_user_groups" ("user_id", "group_id");
CREATE INDEX IF NOT EXISTS "auth_user_groups_user_id_6a12ed8b" ON "auth_user_groups" ("user_id");
CREATE INDEX IF NOT EXISTS "auth_user_groups_group_id_97559544" ON "auth_user_groups" ("group_id");
CREATE UNIQUE INDEX "auth_user_user_permissions_user_id_permission_id_14a6b632_uniq" ON "auth_user_user_permissions" ("user_id", "permission_id");
CREATE INDEX IF NOT EXISTS "auth_user_user_permissions_user_id_a95ead1b" ON "auth_user_user_permissions" ("user_id");
CREATE INDEX IF NOT EXISTS "auth_user_user_permissions_permission_id_1fbb5f2c" ON "auth_user_user_permissions" ("permission_id");
CREATE INDEX IF NOT EXISTS "django_admin_log_content_type_id_c4bce8eb" ON "django_admin_log" ("content_type_id");
CREATE INDEX IF NOT EXISTS "django_admin_log_user_id_c564eba6" ON "django_admin_log" ("user_id");
CREATE UNIQUE INDEX "django_content_type_app_label_model_76bd3d3b_uniq" ON "django_content_type" ("app_label", "model");
CREATE UNIQUE INDEX "auth_permission_content_type_id_codename_01ab375a_uniq" ON "auth_permission" ("content_type_id", "codename");
CREATE INDEX IF NOT EXISTS "auth_permission_content_type_id_2f476e4b" ON "auth_permission" ("content_type_id");
CREATE INDEX IF NOT EXISTS "content_assettag_category_id_c168d6a0" ON "content_assettag" ("category_id");
CREATE UNIQUE INDEX "content_asset_tags_asset_id_assettag_id_4e1866d9_uniq" ON "content_asset_tags" ("asset_id", "assettag_id");
CREATE INDEX IF NOT EXISTS "content_asset_tags_asset_id_559b2df4" ON "content_asset_tags" ("asset_id");
CREATE INDEX IF NOT EXISTS "content_asset_tags_assettag_id_3798b13b" ON "content_asset_tags" ("assettag_id");
CREATE UNIQUE INDEX "content_asset_textures_asset_id_texture_id_195211a7_uniq" ON "content_asset_textures" ("asset_id", "texture_id");
CREATE INDEX IF NOT EXISTS "content_asset_textures_asset_id_cbf1eb2c" ON "content_asset_textures" ("asset_id");
CREATE INDEX IF NOT EXISTS "content_asset_textures_texture_id_4806b76d" ON "content_asset_textures" ("texture_id");
CREATE INDEX IF NOT EXISTS "django_session_expire_date_a5c62663" ON "django_session" ("expire_date");
CREATE INDEX IF NOT EXISTS "content_asset_author_id_5b35e82f" ON "content_asset" ("author_id");
CREATE UNIQUE INDEX "content_asset_favorites_asset_id_user_id_576e585a_uniq" ON "content_asset_favorites" ("asset_id", "user_id");
CREATE INDEX IF NOT EXISTS "content_asset_favorites_asset_id_39f92eec" ON "content_asset_favorites" ("asset_id");
CREATE INDEX IF NOT EXISTS "content_asset_favorites_user_id_53cd0955" ON "content_asset_favorites" ("user_id");
CREATE TABLE IF NOT EXISTS "auth_user_groups" ("id" integer NOT NULL PRIMARY KEY AUTOINCREMENT, "user_id" integer NOT NULL REFERENCES "auth_user" ("id") DEFERRABLE INITIALLY DEFERRED, "group_id" integer NOT NULL REFERENCES "auth_group" ("id") DEFERRABLE INITIALLY DEFERRED);
CREATE UNIQUE INDEX "auth_group_permissions_group_id_permission_id_0cd325b0_uniq" ON "auth_group_permissions" ("group_id", "permission_id");
CREATE INDEX IF NOT EXISTS "auth_group_permissions_group_id_b120cbf9" ON "auth_group_permissions" ("group_id");
CREATE INDEX IF NOT EXISTS "auth_group_permissions_permission_id_84c5c92e" ON "auth_group_permissions" ("permission_id");
CREATE UNIQUE INDEX "auth_user_groups_user_id_group_id_94350c0c_uniq" ON "auth_user_groups" ("user_id", "group_id");
CREATE INDEX IF NOT EXISTS "auth_user_groups_user_id_6a12ed8b" ON "auth_user_groups" ("user_id");
CREATE INDEX IF NOT EXISTS "auth_user_groups_group_id_97559544" ON "auth_user_groups" ("group_id");
CREATE UNIQUE INDEX "auth_user_user_permissions_user_id_permission_id_14a6b632_uniq" ON "auth_user_user_permissions" ("user_id", "permission_id");
CREATE INDEX IF NOT EXISTS "auth_user_user_permissions_user_id_a95ead1b" ON "auth_user_user_permissions" ("user_id");
CREATE INDEX IF NOT EXISTS "auth_user_user_permissions_permission_id_1fbb5f2c" ON "auth_user_user_permissions" ("permission_id");
CREATE INDEX IF NOT EXISTS "django_admin_log_content_type_id_c4bce8eb" ON "django_admin_log" ("content_type_id");
CREATE INDEX IF NOT EXISTS "django_admin_log_user_id_c564eba6" ON "django_admin_log" ("user_id");
CREATE UNIQUE INDEX "django_content_type_app_label_model_76bd3d3b_uniq" ON "django_content_type" ("app_label", "model");
CREATE UNIQUE INDEX "auth_permission_content_type_id_codename_01ab375a_uniq" ON "auth_permission" ("content_type_id", "codename");
CREATE INDEX IF NOT EXISTS "auth_permission_content_type_id_2f476e4b" ON "auth_permission" ("content_type_id");
CREATE INDEX IF NOT EXISTS "content_assettag_category_id_c168d6a0" ON "content_assettag" ("category_id");
CREATE UNIQUE INDEX "content_asset_tags_asset_id_assettag_id_4e1866d9_uniq" ON "content_asset_tags" ("asset_id", "assettag_id");
CREATE INDEX IF NOT EXISTS "content_asset_tags_asset_id_559b2df4" ON "content_asset_tags" ("asset_id");
CREATE INDEX IF NOT EXISTS "content_asset_tags_assettag_id_3798b13b" ON "content_asset_tags" ("assettag_id");
CREATE UNIQUE INDEX "content_asset_textures_asset_id_texture_id_195211a7_uniq" ON "content_asset_textures" ("asset_id", "texture_id");
CREATE INDEX IF NOT EXISTS "content_asset_textures_asset_id_cbf1eb2c" ON "content_asset_textures" ("asset_id");
CREATE INDEX IF NOT EXISTS "content_asset_textures_texture_id_4806b76d" ON "content_asset_textures" ("texture_id");
CREATE INDEX IF NOT EXISTS "django_session_expire_date_a5c62663" ON "django_session" ("expire_date");
CREATE INDEX IF NOT EXISTS "content_asset_author_id_5b35e82f" ON "content_asset" ("author_id");
CREATE UNIQUE INDEX "content_asset_favorites_asset_id_user_id_576e585a_uniq" ON "content_asset_favorites" ("asset_id", "user_id");
CREATE INDEX IF NOT EXISTS "content_asset_favorites_asset_id_39f92eec" ON "content_asset_favorites" ("asset_id");
CREATE INDEX IF NOT EXISTS "content_asset_favorites_user_id_53cd0955" ON "content_asset_favorites" ("user_id");
CREATE TABLE IF NOT EXISTS "auth_user_user_permissions" ("id" integer NOT NULL PRIMARY KEY AUTOINCREMENT, "user_id" integer NOT NULL REFERENCES "auth_user" ("id") DEFERRABLE INITIALLY DEFERRED, "permission_id" integer NOT NULL REFERENCES "auth_permission" ("id") DEFERRABLE INITIALLY DEFERRED);
INSERT INTO "auth_user_user_permissions" VALUES(1,2,41);
INSERT INTO "auth_user_user_permissions" VALUES(5,2,42);
INSERT INTO "auth_user_user_permissions" VALUES(6,2,46);
INSERT INTO "auth_user_user_permissions" VALUES(7,2,47);
INSERT INTO "auth_user_user_permissions" VALUES(8,2,49);
INSERT INTO "auth_user_user_permissions" VALUES(9,2,44);
CREATE UNIQUE INDEX "auth_group_permissions_group_id_permission_id_0cd325b0_uniq" ON "auth_group_permissions" ("group_id", "permission_id");
CREATE INDEX IF NOT EXISTS "auth_group_permissions_group_id_b120cbf9" ON "auth_group_permissions" ("group_id");
CREATE INDEX IF NOT EXISTS "auth_group_permissions_permission_id_84c5c92e" ON "auth_group_permissions" ("permission_id");
CREATE UNIQUE INDEX "auth_user_groups_user_id_group_id_94350c0c_uniq" ON "auth_user_groups" ("user_id", "group_id");
CREATE INDEX IF NOT EXISTS "auth_user_groups_user_id_6a12ed8b" ON "auth_user_groups" ("user_id");
CREATE INDEX IF NOT EXISTS "auth_user_groups_group_id_97559544" ON "auth_user_groups" ("group_id");
CREATE UNIQUE INDEX "auth_user_user_permissions_user_id_permission_id_14a6b632_uniq" ON "auth_user_user_permissions" ("user_id", "permission_id");
CREATE INDEX IF NOT EXISTS "auth_user_user_permissions_user_id_a95ead1b" ON "auth_user_user_permissions" ("user_id");
CREATE INDEX IF NOT EXISTS "auth_user_user_permissions_permission_id_1fbb5f2c" ON "auth_user_user_permissions" ("permission_id");
CREATE INDEX IF NOT EXISTS "django_admin_log_content_type_id_c4bce8eb" ON "django_admin_log" ("content_type_id");
CREATE INDEX IF NOT EXISTS "django_admin_log_user_id_c564eba6" ON "django_admin_log" ("user_id");
CREATE UNIQUE INDEX "django_content_type_app_label_model_76bd3d3b_uniq" ON "django_content_type" ("app_label", "model");
CREATE UNIQUE INDEX "auth_permission_content_type_id_codename_01ab375a_uniq" ON "auth_permission" ("content_type_id", "codename");
CREATE INDEX IF NOT EXISTS "auth_permission_content_type_id_2f476e4b" ON "auth_permission" ("content_type_id");
CREATE INDEX IF NOT EXISTS "content_assettag_category_id_c168d6a0" ON "content_assettag" ("category_id");
CREATE UNIQUE INDEX "content_asset_tags_asset_id_assettag_id_4e1866d9_uniq" ON "content_asset_tags" ("asset_id", "assettag_id");
CREATE INDEX IF NOT EXISTS "content_asset_tags_asset_id_559b2df4" ON "content_asset_tags" ("asset_id");
CREATE INDEX IF NOT EXISTS "content_asset_tags_assettag_id_3798b13b" ON "content_asset_tags" ("assettag_id");
CREATE UNIQUE INDEX "content_asset_textures_asset_id_texture_id_195211a7_uniq" ON "content_asset_textures" ("asset_id", "texture_id");
CREATE INDEX IF NOT EXISTS "content_asset_textures_asset_id_cbf1eb2c" ON "content_asset_textures" ("asset_id");
CREATE INDEX IF NOT EXISTS "content_asset_textures_texture_id_4806b76d" ON "content_asset_textures" ("texture_id");
CREATE INDEX IF NOT EXISTS "django_session_expire_date_a5c62663" ON "django_session" ("expire_date");
CREATE INDEX IF NOT EXISTS "content_asset_author_id_5b35e82f" ON "content_asset" ("author_id");
CREATE UNIQUE INDEX "content_asset_favorites_asset_id_user_id_576e585a_uniq" ON "content_asset_favorites" ("asset_id", "user_id");
CREATE INDEX IF NOT EXISTS "content_asset_favorites_asset_id_39f92eec" ON "content_asset_favorites" ("asset_id");
CREATE INDEX IF NOT EXISTS "content_asset_favorites_user_id_53cd0955" ON "content_asset_favorites" ("user_id");
CREATE TABLE IF NOT EXISTS "content_asset" ("id" integer NOT NULL PRIMARY KEY AUTOINCREMENT, "name" text NOT NULL, "description" text NOT NULL, "blender_mesh" varchar(100) NULL, "fbx_mesh" varchar(100) NULL, "preview_mesh" varchar(100) NULL, "author_id" integer NULL REFERENCES "auth_user" ("id") DEFERRABLE INITIALLY DEFERRED, "last_update" datetime NOT NULL);
INSERT INTO "content_asset" VALUES(16,'Edited asset da da','Copy','meshes/16/test.blend','meshes/16/test.fbx','meshes/16/test.glb',1,'2023-07-15 17:43:48.254265');
INSERT INTO "content_asset" VALUES(17,'Copyawd','Copydawdawd','meshes/17/monkey.blend','meshes/17/C_Corridor.fbx','meshes/17/monkey_1.glb',1,'2023-07-15 15:03:16.299808');
INSERT INTO "content_asset" VALUES(18,'Copy','Copy','meshes/18/monkey.blend','meshes/18/C_Corridor.fbx','meshes/18/monkey_1.glb',1,'2023-07-10 15:11:52.928534');
INSERT INTO "content_asset" VALUES(19,'Copy','Copy','meshes/19/monkey.blend','meshes/19/C_Corridor.fbx','meshes/19/monkey_1.glb',1,'2023-07-10 15:11:53.817194');
INSERT INTO "content_asset" VALUES(20,'Copy 123','Copy','meshes/20/monkey.blend','meshes/20/C_Corridor.fbx','meshes/20/monkey_1.glb',1,'2023-07-15 17:01:34.197662');
INSERT INTO "content_asset" VALUES(21,'Copy','Copy','meshes/21/monkey.blend','meshes/21/C_Corridor.fbx','meshes/21/monkey_1.glb',1,'2023-07-10 15:11:55.694668');
INSERT INTO "content_asset" VALUES(22,'Copy','Copy','meshes/22/monkey.blend','meshes/22/C_Corridor.fbx','meshes/22/monkey_1.glb',1,'2023-07-10 15:11:56.594716');
INSERT INTO "content_asset" VALUES(23,'Copy','Copy','meshes/23/monkey.blend','meshes/23/C_Corridor.fbx','meshes/23/monkey_1.glb',1,'2023-07-10 15:11:57.505687');
INSERT INTO "content_asset" VALUES(24,'Copy','Copy','meshes/24/monkey.blend','meshes/24/C_Corridor.fbx','meshes/24/monkey_1.glb',1,'2023-07-10 15:11:58.394525');
INSERT INTO "content_asset" VALUES(25,'Copy','Copy','meshes/25/monkey.blend','meshes/25/C_Corridor.fbx','meshes/25/monkey_1.glb',1,'2023-07-10 15:11:59.283663');
INSERT INTO "content_asset" VALUES(26,'Copy','Copy','meshes/26/monkey.blend','meshes/26/C_Corridor.fbx','meshes/26/monkey_1.glb',1,'2023-07-10 15:12:00.183172');
INSERT INTO "content_asset" VALUES(27,'Copy','Copy','meshes/27/monkey.blend','meshes/27/C_Corridor.fbx','meshes/27/monkey_1.glb',1,'2023-07-10 15:12:01.194821');
INSERT INTO "content_asset" VALUES(28,'Copy','Copy','meshes/28/monkey.blend','meshes/28/C_Corridor.fbx','meshes/28/monkey_1.glb',1,'2023-07-10 15:12:02.061858');
INSERT INTO "content_asset" VALUES(29,'Copy','Copy','meshes/29/monkey.blend','meshes/29/C_Corridor.fbx','meshes/29/monkey_1.glb',1,'2023-07-10 15:12:03.050185');
INSERT INTO "content_asset" VALUES(30,'Copy','Copy','meshes/30/monkey.blend','meshes/30/C_Corridor.fbx','meshes/30/monkey_1.glb',1,'2023-07-10 15:12:03.983385');
INSERT INTO "content_asset" VALUES(31,'Copy','Copy','meshes/31/monkey.blend','meshes/31/C_Corridor.fbx','meshes/31/monkey_1.glb',1,'2023-07-10 15:12:04.883347');
INSERT INTO "content_asset" VALUES(32,'Copy','Copy','meshes/32/monkey.blend','meshes/32/C_Corridor.fbx','meshes/32/monkey_1.glb',1,'2023-07-10 15:12:05.938234');
INSERT INTO "content_asset" VALUES(33,'Copy','Copy','meshes/33/monkey.blend','meshes/33/C_Corridor.fbx','meshes/33/monkey_1.glb',1,'2023-07-10 15:12:06.871379');
INSERT INTO "content_asset" VALUES(34,'Copy','Copy','meshes/34/monkey.blend','meshes/34/C_Corridor.fbx','meshes/34/monkey_1.glb',1,'2023-07-10 15:12:07.820536');
INSERT INTO "content_asset" VALUES(35,'Copy','Copy','meshes/35/monkey.blend','meshes/35/C_Corridor.fbx','meshes/35/monkey_1.glb',1,'2023-07-10 15:12:08.727406');
INSERT INTO "content_asset" VALUES(36,'Copy','Copy','meshes/36/monkey.blend','meshes/36/C_Corridor.fbx','meshes/36/monkey_1.glb',1,'2023-07-10 15:12:09.705130');
INSERT INTO "content_asset" VALUES(37,'Copy','Copy','meshes/37/monkey.blend','meshes/37/C_Corridor.fbx','meshes/37/monkey_1.glb',1,'2023-07-10 15:12:10.809193');
INSERT INTO "content_asset" VALUES(38,'Copy','Copy','meshes/38/monkey.blend','meshes/38/C_Corridor.fbx','meshes/38/monkey_1.glb',1,'2023-07-10 15:12:11.809462');
INSERT INTO "content_asset" VALUES(39,'Copy','Copy','meshes/39/monkey.blend','meshes/39/C_Corridor.fbx','meshes/39/monkey_1.glb',1,'2023-07-10 15:12:12.753493');
INSERT INTO "content_asset" VALUES(40,'Copy','Copy','meshes/40/monkey.blend','meshes/40/C_Corridor.fbx','meshes/40/monkey_1.glb',1,'2023-07-10 15:12:13.715875');
INSERT INTO "content_asset" VALUES(41,'Copy','Copy','meshes/41/monkey.blend','meshes/41/C_Corridor.fbx','meshes/41/monkey_1.glb',1,'2023-07-10 15:12:14.649368');
INSERT INTO "content_asset" VALUES(42,'Copy','Copy','meshes/42/monkey.blend','meshes/42/C_Corridor.fbx','meshes/42/monkey_1.glb',1,'2023-07-10 15:12:15.560630');
INSERT INTO "content_asset" VALUES(43,'Copy','Copy','meshes/43/monkey.blend','meshes/43/C_Corridor.fbx','meshes/43/monkey_1.glb',1,'2023-07-10 15:12:16.526360');
INSERT INTO "content_asset" VALUES(44,'Copy','Copy','meshes/44/monkey.blend','meshes/44/C_Corridor.fbx','meshes/44/monkey_1.glb',1,'2023-07-10 15:12:17.593222');
INSERT INTO "content_asset" VALUES(45,'Copy','Copy','meshes/45/monkey.blend','meshes/45/C_Corridor.fbx','meshes/45/monkey_1.glb',1,'2023-07-10 15:12:18.604711');
INSERT INTO "content_asset" VALUES(46,'Copy','Copy','meshes/46/monkey.blend','meshes/46/C_Corridor.fbx','meshes/46/monkey_1.glb',1,'2023-07-10 15:12:19.548973');
INSERT INTO "content_asset" VALUES(47,'Copy','Copy','meshes/47/monkey.blend','meshes/47/C_Corridor.fbx','meshes/47/monkey_1.glb',1,'2023-07-10 15:12:20.659813');
INSERT INTO "content_asset" VALUES(48,'Copy','Copy','meshes/48/monkey.blend','meshes/48/C_Corridor.fbx','meshes/48/monkey_1.glb',1,'2023-07-10 15:12:21.693466');
INSERT INTO "content_asset" VALUES(49,'Copy','Copy','meshes/49/monkey.blend','meshes/49/C_Corridor.fbx','meshes/49/monkey_1.glb',1,'2023-07-10 15:12:22.659385');
INSERT INTO "content_asset" VALUES(50,'Copy','Copy','meshes/50/monkey.blend','meshes/50/C_Corridor.fbx','meshes/50/monkey_1.glb',1,'2023-07-10 15:12:23.770308');
INSERT INTO "content_asset" VALUES(51,'Copy','Copy','meshes/51/monkey.blend','meshes/51/C_Corridor.fbx','meshes/51/monkey_1.glb',1,'2023-07-10 15:12:24.860124');
INSERT INTO "content_asset" VALUES(52,'Copy','Copy','meshes/52/monkey.blend','meshes/52/C_Corridor.fbx','meshes/52/monkey_1.glb',1,'2023-07-10 15:12:25.848289');
INSERT INTO "content_asset" VALUES(53,'Copy','Copy','meshes/53/monkey.blend','meshes/53/C_Corridor.fbx','meshes/53/monkey_1.glb',1,'2023-07-10 15:12:26.836849');
INSERT INTO "content_asset" VALUES(54,'Copy','Copy','meshes/54/monkey.blend','meshes/54/C_Corridor.fbx','meshes/54/monkey_1.glb',1,'2023-07-10 15:12:27.870491');
INSERT INTO "content_asset" VALUES(55,'Copy','Copy','meshes/55/monkey.blend','meshes/55/C_Corridor.fbx','meshes/55/monkey_1.glb',1,'2023-07-10 15:12:28.892693');
INSERT INTO "content_asset" VALUES(56,'Copy','Copy','meshes/56/monkey.blend','meshes/56/C_Corridor.fbx','meshes/56/monkey_1.glb',1,'2023-07-10 15:12:29.981635');
INSERT INTO "content_asset" VALUES(57,'Copy','Copy','meshes/57/monkey.blend','meshes/57/C_Corridor.fbx','meshes/57/monkey_1.glb',1,'2023-07-10 15:12:30.997324');
INSERT INTO "content_asset" VALUES(58,'Copy','Copy','meshes/58/monkey.blend','meshes/58/C_Corridor.fbx','meshes/58/monkey_1.glb',1,'2023-07-10 15:12:31.914338');
INSERT INTO "content_asset" VALUES(59,'Copy','Copy','meshes/59/monkey.blend','meshes/59/C_Corridor.fbx','meshes/59/monkey_1.glb',1,'2023-07-10 15:12:32.992588');
INSERT INTO "content_asset" VALUES(60,'Copy','Copy','meshes/60/monkey.blend','meshes/60/C_Corridor.fbx','meshes/60/monkey_1.glb',1,'2023-07-10 15:12:34.048030');
INSERT INTO "content_asset" VALUES(61,'Copy','Copy','meshes/61/monkey.blend','meshes/61/C_Corridor.fbx','meshes/61/monkey_1.glb',1,'2023-07-10 15:12:35.047807');
INSERT INTO "content_asset" VALUES(62,'Copy','Copy','meshes/62/monkey.blend','meshes/62/C_Corridor.fbx','meshes/62/monkey_1.glb',1,'2023-07-10 15:12:35.959115');
INSERT INTO "content_asset" VALUES(63,'Copy','Copy','meshes/63/monkey.blend','meshes/63/C_Corridor.fbx','meshes/63/monkey_1.glb',1,'2023-07-10 15:12:36.970149');
INSERT INTO "content_asset" VALUES(64,'Copy','Copy','meshes/64/monkey.blend','meshes/64/C_Corridor.fbx','meshes/64/monkey_1.glb',1,'2023-07-10 15:12:37.923144');
INSERT INTO "content_asset" VALUES(65,'Copy','Copy','meshes/65/monkey.blend','meshes/65/C_Corridor.fbx','meshes/65/monkey_1.glb',1,'2023-07-10 15:12:38.959156');
INSERT INTO "content_asset" VALUES(66,'Copy','Copy','meshes/66/monkey.blend','meshes/66/C_Corridor.fbx','meshes/66/monkey_1.glb',1,'2023-07-10 15:12:40.069977');
INSERT INTO "content_asset" VALUES(67,'Copy','Copy','meshes/67/monkey.blend','meshes/67/C_Corridor.fbx','meshes/67/monkey_1.glb',1,'2023-07-10 15:12:41.236978');
INSERT INTO "content_asset" VALUES(68,'Copy','Copy','meshes/68/monkey.blend','meshes/68/C_Corridor.fbx','meshes/68/monkey_1.glb',1,'2023-07-10 15:12:42.291920');
INSERT INTO "content_asset" VALUES(69,'Copy','Copy','meshes/69/monkey.blend','meshes/69/C_Corridor.fbx','meshes/69/monkey_1.glb',1,'2023-07-10 15:12:43.269777');
INSERT INTO "content_asset" VALUES(70,'Copy','Copy','meshes/70/monkey.blend','meshes/70/C_Corridor.fbx','meshes/70/monkey_1.glb',1,'2023-07-10 15:12:44.241177');
INSERT INTO "content_asset" VALUES(71,'Copy','Copy','meshes/71/monkey.blend','meshes/71/C_Corridor.fbx','meshes/71/monkey_1.glb',1,'2023-07-10 15:12:45.258903');
INSERT INTO "content_asset" VALUES(72,'Copy','Copy','meshes/72/monkey.blend','meshes/72/C_Corridor.fbx','meshes/72/monkey_1.glb',1,'2023-07-10 15:12:46.260661');
INSERT INTO "content_asset" VALUES(73,'Copy','Copy','meshes/73/monkey.blend','meshes/73/C_Corridor.fbx','meshes/73/monkey_1.glb',1,'2023-07-10 15:12:47.262787');
INSERT INTO "content_asset" VALUES(74,'Copy','Copy','meshes/74/monkey.blend','meshes/74/C_Corridor.fbx','meshes/74/monkey_1.glb',1,'2023-07-10 15:12:48.302590');
INSERT INTO "content_asset" VALUES(75,'Copy','Copy','meshes/75/monkey.blend','meshes/75/C_Corridor.fbx','meshes/75/monkey_1.glb',1,'2023-07-10 15:12:49.458500');
INSERT INTO "content_asset" VALUES(76,'Copy','Copy','meshes/76/monkey.blend','meshes/76/C_Corridor.fbx','meshes/76/monkey_1.glb',1,'2023-07-10 15:12:50.558502');
INSERT INTO "content_asset" VALUES(77,'Copy','Copy','meshes/77/monkey.blend','meshes/77/C_Corridor.fbx','meshes/77/monkey_1.glb',1,'2023-07-10 15:12:51.625093');
INSERT INTO "content_asset" VALUES(78,'Copy','Copy','meshes/78/monkey.blend','meshes/78/C_Corridor.fbx','meshes/78/monkey_1.glb',1,'2023-07-10 15:12:52.636219');
INSERT INTO "content_asset" VALUES(79,'Copy','Copy','meshes/79/monkey.blend','meshes/79/C_Corridor.fbx','meshes/79/monkey_1.glb',1,'2023-07-10 15:12:53.735840');
INSERT INTO "content_asset" VALUES(80,'Copy','Copy','meshes/80/monkey.blend','meshes/80/C_Corridor.fbx','meshes/80/monkey_1.glb',1,'2023-07-10 15:12:54.869224');
INSERT INTO "content_asset" VALUES(81,'Copy','Copy','meshes/81/monkey.blend','meshes/81/C_Corridor.fbx','meshes/81/monkey_1.glb',1,'2023-07-10 15:12:55.935716');
INSERT INTO "content_asset" VALUES(82,'Copy','Copy','meshes/82/monkey.blend','meshes/82/C_Corridor.fbx','meshes/82/monkey_1.glb',1,'2023-07-10 15:12:56.958053');
INSERT INTO "content_asset" VALUES(83,'Copy','Copy','meshes/83/monkey.blend','meshes/83/C_Corridor.fbx','meshes/83/monkey_1.glb',1,'2023-07-10 15:12:57.958193');
INSERT INTO "content_asset" VALUES(84,'Copy','Copy','meshes/84/monkey.blend','meshes/84/C_Corridor.fbx','meshes/84/monkey_1.glb',1,'2023-07-10 15:12:58.946233');
INSERT INTO "content_asset" VALUES(85,'Copy','Copy','meshes/85/monkey.blend','meshes/85/C_Corridor.fbx','meshes/85/monkey_1.glb',1,'2023-07-10 15:13:00.079602');
INSERT INTO "content_asset" VALUES(86,'Copy','Copy','meshes/86/monkey.blend','meshes/86/C_Corridor.fbx','meshes/86/monkey_1.glb',1,'2023-07-10 15:13:01.168997');
INSERT INTO "content_asset" VALUES(87,'Copy','Copy','meshes/87/monkey.blend','meshes/87/C_Corridor.fbx','meshes/87/monkey_1.glb',1,'2023-07-10 15:13:02.304051');
INSERT INTO "content_asset" VALUES(88,'Copy','Copy','meshes/88/monkey.blend','meshes/88/C_Corridor.fbx','meshes/88/monkey_1.glb',1,'2023-07-10 15:13:03.346747');
INSERT INTO "content_asset" VALUES(89,'Copy','Copy','meshes/89/monkey.blend','meshes/89/C_Corridor.fbx','meshes/89/monkey_1.glb',1,'2023-07-10 15:13:04.479733');
INSERT INTO "content_asset" VALUES(90,'Copy','Copy','meshes/90/monkey.blend','meshes/90/C_Corridor.fbx','meshes/90/monkey_1.glb',1,'2023-07-10 15:13:05.601645');
INSERT INTO "content_asset" VALUES(91,'Copy','Copy','meshes/91/monkey.blend','meshes/91/C_Corridor.fbx','meshes/91/monkey_1.glb',1,'2023-07-10 15:13:06.757321');
INSERT INTO "content_asset" VALUES(92,'Copy','Copy','meshes/92/monkey.blend','meshes/92/C_Corridor.fbx','meshes/92/monkey_1.glb',1,'2023-07-10 15:13:07.890571');
INSERT INTO "content_asset" VALUES(93,'Copy','Copy','meshes/93/monkey.blend','meshes/93/C_Corridor.fbx','meshes/93/monkey_1.glb',1,'2023-07-10 15:13:09.068505');
INSERT INTO "content_asset" VALUES(94,'Copy','Copy','meshes/94/monkey.blend','meshes/94/C_Corridor.fbx','meshes/94/monkey_1.glb',1,'2023-07-10 15:13:10.294695');
INSERT INTO "content_asset" VALUES(95,'Copy','Copy','meshes/95/monkey.blend','meshes/95/C_Corridor.fbx','meshes/95/monkey_1.glb',1,'2023-07-10 15:13:11.650415');
INSERT INTO "content_asset" VALUES(96,'Copy','Copy','meshes/96/monkey.blend','meshes/96/C_Corridor.fbx','meshes/96/monkey_1.glb',1,'2023-07-10 15:13:12.883676');
INSERT INTO "content_asset" VALUES(97,'Copy','Copy','meshes/97/monkey.blend','meshes/97/C_Corridor.fbx','meshes/97/monkey_1.glb',1,'2023-07-10 15:13:14.094543');
INSERT INTO "content_asset" VALUES(98,'Copy','Copy','meshes/98/monkey.blend','meshes/98/C_Corridor.fbx','meshes/98/monkey_1.glb',1,'2023-07-10 15:13:15.301638');
INSERT INTO "content_asset" VALUES(99,'Copy','Copy','meshes/99/monkey.blend','meshes/99/C_Corridor.fbx','meshes/99/monkey_1.glb',1,'2023-07-10 15:13:16.467805');
INSERT INTO "content_asset" VALUES(100,'Copy','Copy','meshes/100/monkey.blend','meshes/100/C_Corridor.fbx','meshes/100/monkey_1.glb',1,'2023-07-10 15:13:17.628059');
INSERT INTO "content_asset" VALUES(101,'Copy','Copy','meshes/101/monkey.blend','meshes/101/C_Corridor.fbx','meshes/101/monkey_1.glb',1,'2023-07-10 15:13:18.828200');
INSERT INTO "content_asset" VALUES(102,'Copy','Copy','meshes/102/monkey.blend','meshes/102/C_Corridor.fbx','meshes/102/monkey_1.glb',1,'2023-07-10 15:13:19.828161');
INSERT INTO "content_asset" VALUES(103,'Copy','Copy','meshes/103/monkey.blend','meshes/103/C_Corridor.fbx','meshes/103/monkey_1.glb',1,'2023-07-10 15:13:20.990019');
INSERT INTO "content_asset" VALUES(104,'Copy','Copy','meshes/104/monkey.blend','meshes/104/C_Corridor.fbx','meshes/104/monkey_1.glb',1,'2023-07-10 15:13:22.316914');
INSERT INTO "content_asset" VALUES(105,'Copy','Copy','meshes/105/monkey.blend','meshes/105/C_Corridor.fbx','meshes/105/monkey_1.glb',1,'2023-07-10 15:13:23.567918');
INSERT INTO "content_asset" VALUES(106,'Copy','Copy','meshes/106/monkey.blend','meshes/106/C_Corridor.fbx','meshes/106/monkey_1.glb',1,'2023-07-10 15:13:24.867891');
INSERT INTO "content_asset" VALUES(107,'Copy','Copy','meshes/107/monkey.blend','meshes/107/C_Corridor.fbx','meshes/107/monkey_1.glb',1,'2023-07-10 15:13:26.067850');
INSERT INTO "content_asset" VALUES(108,'Copy','Copy','meshes/108/monkey.blend','meshes/108/C_Corridor.fbx','meshes/108/monkey_1.glb',1,'2023-07-10 15:13:27.239001');
INSERT INTO "content_asset" VALUES(109,'Copy','Copy','meshes/109/monkey.blend','meshes/109/C_Corridor.fbx','meshes/109/monkey_1.glb',1,'2023-07-10 15:13:28.416729');
INSERT INTO "content_asset" VALUES(110,'Copy','Copy','meshes/110/monkey.blend','meshes/110/C_Corridor.fbx','meshes/110/monkey_1.glb',1,'2023-07-10 15:13:29.583149');
INSERT INTO "content_asset" VALUES(111,'Copy','Copy','meshes/111/monkey.blend','meshes/111/C_Corridor.fbx','meshes/111/monkey_1.glb',1,'2023-07-10 15:13:30.683180');
INSERT INTO "content_asset" VALUES(112,'Copy','Copy','meshes/112/monkey.blend','meshes/112/C_Corridor.fbx','meshes/112/monkey_1.glb',1,'2023-07-10 15:13:31.794026');
INSERT INTO "content_asset" VALUES(113,'Copy','Copy','meshes/113/monkey.blend','meshes/113/C_Corridor.fbx','meshes/113/monkey_1.glb',1,'2023-07-10 15:13:33.005225');
INSERT INTO "content_asset" VALUES(114,'Copy','Copy','meshes/114/monkey.blend','meshes/114/C_Corridor.fbx','meshes/114/monkey_1.glb',1,'2023-07-10 15:13:34.326691');
INSERT INTO "content_asset" VALUES(115,'Copy','Copy','meshes/115/monkey.blend','meshes/115/C_Corridor.fbx','meshes/115/monkey_1.glb',1,'2023-07-10 15:13:35.560831');
INSERT INTO "content_asset" VALUES(116,'Copy','Copy','meshes/116/monkey.blend','meshes/116/C_Corridor.fbx','meshes/116/monkey_1.glb',1,'2023-07-10 15:13:36.826783');
INSERT INTO "content_asset" VALUES(117,'Copy','Copy','meshes/117/monkey.blend','meshes/117/C_Corridor.fbx','meshes/117/monkey_1.glb',1,'2023-07-10 15:13:37.948900');
INSERT INTO "content_asset" VALUES(118,'Copy','Copy','meshes/118/monkey.blend','meshes/118/C_Corridor.fbx','meshes/118/monkey_1.glb',1,'2023-07-10 15:13:39.126422');
INSERT INTO "content_asset" VALUES(119,'Copy','Copy','meshes/119/monkey.blend','meshes/119/C_Corridor.fbx','meshes/119/monkey_1.glb',1,'2023-07-10 15:13:40.216140');
INSERT INTO "content_asset" VALUES(120,'Copy','Copy','meshes/120/monkey.blend','meshes/120/C_Corridor.fbx','meshes/120/monkey_1.glb',1,'2023-07-10 15:13:41.415969');
INSERT INTO "content_asset" VALUES(121,'Copy','Copy','meshes/121/monkey.blend','meshes/121/C_Corridor.fbx','meshes/121/monkey_1.glb',1,'2023-07-10 15:13:42.559683');
INSERT INTO "content_asset" VALUES(122,'Copy','Copy','meshes/122/monkey.blend','meshes/122/C_Corridor.fbx','meshes/122/monkey_1.glb',1,'2023-07-10 15:13:43.859842');
INSERT INTO "content_asset" VALUES(123,'Copy','Copy','meshes/123/monkey.blend','meshes/123/C_Corridor.fbx','meshes/123/monkey_1.glb',1,'2023-07-10 15:13:45.137923');
INSERT INTO "content_asset" VALUES(124,'Copy','Copy','meshes/124/monkey.blend','meshes/124/C_Corridor.fbx','meshes/124/monkey_1.glb',1,'2023-07-10 15:13:46.348997');
INSERT INTO "content_asset" VALUES(125,'Copy','Copy','meshes/125/monkey.blend','meshes/125/C_Corridor.fbx','meshes/125/monkey_1.glb',1,'2023-07-10 15:13:47.492919');
INSERT INTO "content_asset" VALUES(126,'Copy','Copy','meshes/126/monkey.blend','meshes/126/C_Corridor.fbx','meshes/126/monkey_1.glb',1,'2023-07-10 15:13:48.659508');
INSERT INTO "content_asset" VALUES(127,'Copy','Copy','meshes/127/monkey.blend','meshes/127/C_Corridor.fbx','meshes/127/monkey_1.glb',1,'2023-07-10 15:13:49.837829');
INSERT INTO "content_asset" VALUES(128,'Copy','Copy','meshes/128/monkey.blend','meshes/128/C_Corridor.fbx','meshes/128/monkey_1.glb',1,'2023-07-10 15:13:51.036913');
INSERT INTO "content_asset" VALUES(129,'Copy','Copy','meshes/129/monkey.blend','meshes/129/C_Corridor.fbx','meshes/129/monkey_1.glb',1,'2023-07-10 15:13:52.248762');
INSERT INTO "content_asset" VALUES(130,'Copy','Copy','meshes/130/monkey.blend','meshes/130/C_Corridor.fbx','meshes/130/monkey_1.glb',1,'2023-07-10 15:13:53.415577');
INSERT INTO "content_asset" VALUES(131,'Copy','Copy','meshes/131/monkey.blend','meshes/131/C_Corridor.fbx','meshes/131/monkey_1.glb',1,'2023-07-10 15:13:54.614984');
INSERT INTO "content_asset" VALUES(132,'Copy','Copy','meshes/132/monkey.blend','meshes/132/C_Corridor.fbx','meshes/132/monkey_1.glb',1,'2023-07-10 15:13:55.805868');
INSERT INTO "content_asset" VALUES(133,'Copy','Copy','meshes/133/monkey.blend','meshes/133/C_Corridor.fbx','meshes/133/monkey_1.glb',1,'2023-07-10 15:13:56.959522');
INSERT INTO "content_asset" VALUES(134,'Copy','Copy','meshes/134/monkey.blend','meshes/134/C_Corridor.fbx','meshes/134/monkey_1.glb',1,'2023-07-10 15:13:58.125918');
INSERT INTO "content_asset" VALUES(135,'Copy','Copy','meshes/135/monkey.blend','meshes/135/C_Corridor.fbx','meshes/135/monkey_1.glb',1,'2023-07-10 15:13:59.214616');
INSERT INTO "content_asset" VALUES(136,'Copy','Copy','meshes/136/monkey.blend','meshes/136/C_Corridor.fbx','meshes/136/monkey_1.glb',1,'2023-07-10 15:14:00.603245');
INSERT INTO "content_asset" VALUES(137,'Copy','Copy','meshes/137/monkey.blend','meshes/137/C_Corridor.fbx','meshes/137/monkey_1.glb',1,'2023-07-10 15:14:01.914747');
INSERT INTO "content_asset" VALUES(138,'Copy','Copy','meshes/138/monkey.blend','meshes/138/C_Corridor.fbx','meshes/138/monkey_1.glb',1,'2023-07-10 15:14:03.236158');
INSERT INTO "content_asset" VALUES(139,'Copy','Copy','meshes/139/monkey.blend','meshes/139/C_Corridor.fbx','meshes/139/monkey_1.glb',1,'2023-07-10 15:14:04.425069');
INSERT INTO "content_asset" VALUES(140,'Copy','Copy','meshes/140/monkey.blend','meshes/140/C_Corridor.fbx','meshes/140/monkey_1.glb',1,'2023-07-10 15:14:05.758998');
INSERT INTO "content_asset" VALUES(141,'Copy','Copy','meshes/141/monkey.blend','meshes/141/C_Corridor.fbx','meshes/141/monkey_1.glb',1,'2023-07-10 15:14:07.047551');
INSERT INTO "content_asset" VALUES(142,'Copy','Copy','meshes/142/monkey.blend','meshes/142/C_Corridor.fbx','meshes/142/monkey_1.glb',1,'2023-07-10 15:14:08.247689');
INSERT INTO "content_asset" VALUES(143,'Copy','Copy','meshes/143/monkey.blend','meshes/143/C_Corridor.fbx','meshes/143/monkey_1.glb',1,'2023-07-10 15:14:09.413806');
INSERT INTO "content_asset" VALUES(144,'Copy','Copy','meshes/144/monkey.blend','meshes/144/C_Corridor.fbx','meshes/144/monkey_1.glb',1,'2023-07-10 15:14:10.580825');
INSERT INTO "content_asset" VALUES(145,'Copy','Copy','meshes/145/monkey.blend','meshes/145/C_Corridor.fbx','meshes/145/monkey_1.glb',1,'2023-07-10 15:14:11.765082');
INSERT INTO "content_asset" VALUES(146,'Copy','Copy','meshes/146/monkey.blend','meshes/146/C_Corridor.fbx','meshes/146/monkey_1.glb',1,'2023-07-10 15:14:12.914064');
INSERT INTO "content_asset" VALUES(147,'Copy','Copy','meshes/147/monkey.blend','meshes/147/C_Corridor.fbx','meshes/147/monkey_1.glb',1,'2023-07-10 15:14:14.125131');
INSERT INTO "content_asset" VALUES(148,'Copy','Copy','meshes/148/monkey.blend','meshes/148/C_Corridor.fbx','meshes/148/monkey_1.glb',1,'2023-07-10 15:14:15.258406');
INSERT INTO "content_asset" VALUES(149,'Copy','Copy','meshes/149/monkey.blend','meshes/149/C_Corridor.fbx','meshes/149/monkey_1.glb',1,'2023-07-10 15:14:16.457873');
INSERT INTO "content_asset" VALUES(150,'Copy','Copy','meshes/150/monkey.blend','meshes/150/C_Corridor.fbx','meshes/150/monkey_1.glb',1,'2023-07-10 15:14:17.769495');
INSERT INTO "content_asset" VALUES(151,'Copy','Copy','meshes/151/monkey.blend','meshes/151/C_Corridor.fbx','meshes/151/monkey_1.glb',1,'2023-07-10 15:14:19.035649');
INSERT INTO "content_asset" VALUES(152,'Copy','Copy','meshes/152/monkey.blend','meshes/152/C_Corridor.fbx','meshes/152/monkey_1.glb',1,'2023-07-10 15:14:20.302394');
INSERT INTO "content_asset" VALUES(153,'Copy','Copy','meshes/153/monkey.blend','meshes/153/C_Corridor.fbx','meshes/153/monkey_1.glb',1,'2023-07-10 15:14:21.535283');
INSERT INTO "content_asset" VALUES(154,'Copy','Copy','meshes/154/monkey.blend','meshes/154/C_Corridor.fbx','meshes/154/monkey_1.glb',1,'2023-07-10 15:14:22.702446');
INSERT INTO "content_asset" VALUES(155,'Copy','Copy','meshes/155/monkey.blend','meshes/155/C_Corridor.fbx','meshes/155/monkey_1.glb',1,'2023-07-10 15:14:23.846295');
INSERT INTO "content_asset" VALUES(156,'Copy','Copy','meshes/156/monkey.blend','meshes/156/C_Corridor.fbx','meshes/156/monkey_1.glb',1,'2023-07-10 15:14:25.068618');
INSERT INTO "content_asset" VALUES(157,'Copy','Copy','meshes/157/monkey.blend','meshes/157/C_Corridor.fbx','meshes/157/monkey_1.glb',1,'2023-07-10 15:14:26.279933');
INSERT INTO "content_asset" VALUES(158,'Copy','Copy','meshes/158/monkey.blend','meshes/158/C_Corridor.fbx','meshes/158/monkey_1.glb',1,'2023-07-10 15:14:27.513092');
INSERT INTO "content_asset" VALUES(159,'Copy','Copy','meshes/159/monkey.blend','meshes/159/C_Corridor.fbx','meshes/159/monkey_1.glb',1,'2023-07-10 15:14:28.712627');
INSERT INTO "content_asset" VALUES(160,'Copy','Copy','meshes/160/monkey.blend','meshes/160/C_Corridor.fbx','meshes/160/monkey_1.glb',1,'2023-07-10 15:14:29.990940');
INSERT INTO "content_asset" VALUES(161,'Copy','Copy','meshes/161/monkey.blend','meshes/161/C_Corridor.fbx','meshes/161/monkey_1.glb',1,'2023-07-10 15:14:31.157745');
INSERT INTO "content_asset" VALUES(162,'Copy','Copy','meshes/162/monkey.blend','meshes/162/C_Corridor.fbx','meshes/162/monkey_1.glb',1,'2023-07-10 15:14:32.257186');
INSERT INTO "content_asset" VALUES(163,'Copy','Copy','meshes/163/monkey.blend','meshes/163/C_Corridor.fbx','meshes/163/monkey_1.glb',1,'2023-07-10 15:14:33.323974');
INSERT INTO "content_asset" VALUES(164,'Copy','Copy','meshes/164/monkey.blend','meshes/164/C_Corridor.fbx','meshes/164/monkey_1.glb',1,'2023-07-10 15:14:34.490694');
INSERT INTO "content_asset" VALUES(165,'Copy','Copy','meshes/165/monkey.blend','meshes/165/C_Corridor.fbx','meshes/165/monkey_1.glb',1,'2023-07-10 15:14:35.690410');
INSERT INTO "content_asset" VALUES(166,'Copy','Copy','meshes/166/monkey.blend','meshes/166/C_Corridor.fbx','meshes/166/monkey_1.glb',1,'2023-07-10 15:14:36.856965');
INSERT INTO "content_asset" VALUES(167,'Copy','Copy','meshes/167/monkey.blend','meshes/167/C_Corridor.fbx','meshes/167/monkey_1.glb',1,'2023-07-10 15:14:37.934614');
INSERT INTO "content_asset" VALUES(168,'Copy','Copy','meshes/168/monkey.blend','meshes/168/C_Corridor.fbx','meshes/168/monkey_1.glb',1,'2023-07-10 15:14:39.078928');
INSERT INTO "content_asset" VALUES(169,'Copy','Copy','meshes/169/monkey.blend','meshes/169/C_Corridor.fbx','meshes/169/monkey_1.glb',1,'2023-07-10 15:14:40.134501');
INSERT INTO "content_asset" VALUES(170,'Copy','Copy','meshes/170/monkey.blend','meshes/170/C_Corridor.fbx','meshes/170/monkey_1.glb',1,'2023-07-10 15:14:41.290115');
INSERT INTO "content_asset" VALUES(171,'Copy','Copy','meshes/171/monkey.blend','meshes/171/C_Corridor.fbx','meshes/171/monkey_1.glb',1,'2023-07-10 15:14:42.379393');
INSERT INTO "content_asset" VALUES(172,'Copy','Copy','meshes/172/monkey.blend','meshes/172/C_Corridor.fbx','meshes/172/monkey_1.glb',1,'2023-07-10 15:14:43.534356');
INSERT INTO "content_asset" VALUES(173,'Copy','Copy','meshes/173/monkey.blend','meshes/173/C_Corridor.fbx','meshes/173/monkey_1.glb',1,'2023-07-10 15:14:44.668013');
INSERT INTO "content_asset" VALUES(174,'Copy','Copy','meshes/174/monkey.blend','meshes/174/C_Corridor.fbx','meshes/174/monkey_1.glb',1,'2023-07-10 15:14:45.712395');
INSERT INTO "content_asset" VALUES(175,'Copy','Copy','meshes/175/monkey.blend','meshes/175/C_Corridor.fbx','meshes/175/monkey_1.glb',1,'2023-07-10 15:14:46.856707');
INSERT INTO "content_asset" VALUES(176,'Copy','Copy','meshes/176/monkey.blend','meshes/176/C_Corridor.fbx','meshes/176/monkey_1.glb',1,'2023-07-10 15:14:47.945147');
INSERT INTO "content_asset" VALUES(177,'Copy','Copy','meshes/177/monkey.blend','meshes/177/C_Corridor.fbx','meshes/177/monkey_1.glb',1,'2023-07-10 15:14:49.201268');
INSERT INTO "content_asset" VALUES(178,'Copy','Copy','meshes/178/monkey.blend','meshes/178/C_Corridor.fbx','meshes/178/monkey_1.glb',1,'2023-07-10 15:14:50.467295');
INSERT INTO "content_asset" VALUES(179,'Copy','Copy','meshes/179/monkey.blend','meshes/179/C_Corridor.fbx','meshes/179/monkey_1.glb',1,'2023-07-10 15:14:51.690057');
INSERT INTO "content_asset" VALUES(180,'Copy','Copy','meshes/180/monkey.blend','meshes/180/C_Corridor.fbx','meshes/180/monkey_1.glb',1,'2023-07-10 15:14:52.867048');
INSERT INTO "content_asset" VALUES(181,'Copy','Copy','meshes/181/monkey.blend','meshes/181/C_Corridor.fbx','meshes/181/monkey_1.glb',1,'2023-07-10 15:14:53.933989');
INSERT INTO "content_asset" VALUES(182,'Copy','Copy','meshes/182/monkey.blend','meshes/182/C_Corridor.fbx','meshes/182/monkey_1.glb',1,'2023-07-10 15:14:55.100249');
INSERT INTO "content_asset" VALUES(183,'Copy','Copy','meshes/183/monkey.blend','meshes/183/C_Corridor.fbx','meshes/183/monkey_1.glb',1,'2023-07-10 15:14:56.200131');
INSERT INTO "content_asset" VALUES(184,'Copy','Copy','meshes/184/monkey.blend','meshes/184/C_Corridor.fbx','meshes/184/monkey_1.glb',1,'2023-07-10 15:14:57.344738');
INSERT INTO "content_asset" VALUES(185,'Copy','Copy','meshes/185/monkey.blend','meshes/185/C_Corridor.fbx','meshes/185/monkey_1.glb',1,'2023-07-10 15:14:58.534031');
INSERT INTO "content_asset" VALUES(186,'Copy','Copy','meshes/186/monkey.blend','meshes/186/C_Corridor.fbx','meshes/186/monkey_1.glb',1,'2023-07-10 15:14:59.611166');
INSERT INTO "content_asset" VALUES(187,'Copy','Copy','meshes/187/monkey.blend','meshes/187/C_Corridor.fbx','meshes/187/monkey_1.glb',1,'2023-07-10 15:15:00.744698');
INSERT INTO "content_asset" VALUES(188,'Copy','Copy','meshes/188/monkey.blend','meshes/188/C_Corridor.fbx','meshes/188/monkey_1.glb',1,'2023-07-10 15:15:02.022716');
INSERT INTO "content_asset" VALUES(189,'Copy','Copy','meshes/189/monkey.blend','meshes/189/C_Corridor.fbx','meshes/189/monkey_1.glb',1,'2023-07-10 15:15:03.267027');
INSERT INTO "content_asset" VALUES(190,'Copy','Copy','meshes/190/monkey.blend','meshes/190/C_Corridor.fbx','meshes/190/monkey_1.glb',1,'2023-07-10 15:15:04.422736');
INSERT INTO "content_asset" VALUES(191,'Copy','Copy','meshes/191/monkey.blend','meshes/191/C_Corridor.fbx','meshes/191/monkey_1.glb',1,'2023-07-10 15:15:05.499526');
INSERT INTO "content_asset" VALUES(192,'Copy','Copy','meshes/192/monkey.blend','meshes/192/C_Corridor.fbx','meshes/192/monkey_1.glb',1,'2023-07-10 15:15:06.832459');
INSERT INTO "content_asset" VALUES(193,'Copy','Copy','meshes/193/monkey.blend','meshes/193/C_Corridor.fbx','meshes/193/monkey_1.glb',1,'2023-07-10 15:15:08.022067');
INSERT INTO "content_asset" VALUES(194,'Copy','Copy','meshes/194/monkey.blend','meshes/194/C_Corridor.fbx','meshes/194/monkey_1.glb',1,'2023-07-10 15:15:09.144233');
INSERT INTO "content_asset" VALUES(195,'Copy','Copy','meshes/195/monkey.blend','meshes/195/C_Corridor.fbx','meshes/195/monkey_1.glb',1,'2023-07-10 15:15:10.255311');
INSERT INTO "content_asset" VALUES(196,'Copy','Copy','meshes/196/monkey.blend','meshes/196/C_Corridor.fbx','meshes/196/monkey_1.glb',1,'2023-07-10 15:15:11.499797');
INSERT INTO "content_asset" VALUES(197,'Copy','Copy','meshes/197/monkey.blend','meshes/197/C_Corridor.fbx','meshes/197/monkey_1.glb',1,'2023-07-10 15:15:12.711003');
INSERT INTO "content_asset" VALUES(198,'Copy','Copy','meshes/198/monkey.blend','meshes/198/C_Corridor.fbx','meshes/198/monkey_1.glb',1,'2023-07-10 15:15:13.844267');
INSERT INTO "content_asset" VALUES(199,'Copy','Copy','meshes/199/monkey.blend','meshes/199/C_Corridor.fbx','meshes/199/monkey_1.glb',1,'2023-07-10 15:15:15.010361');
INSERT INTO "content_asset" VALUES(200,'Copy','Copy','meshes/200/monkey.blend','meshes/200/C_Corridor.fbx','meshes/200/monkey_1.glb',1,'2023-07-10 15:15:16.110314');
INSERT INTO "content_asset" VALUES(201,'Copy','Copy','meshes/201/monkey.blend','meshes/201/C_Corridor.fbx','meshes/201/monkey_1.glb',1,'2023-07-10 15:15:17.254987');
INSERT INTO "content_asset" VALUES(202,'Copy','Copy','meshes/202/monkey.blend','meshes/202/C_Corridor.fbx','meshes/202/monkey_1.glb',1,'2023-07-10 15:15:18.321471');
INSERT INTO "content_asset" VALUES(203,'Copy','Copy','meshes/203/monkey.blend','meshes/203/C_Corridor.fbx','meshes/203/monkey_1.glb',1,'2023-07-10 15:15:19.454776');
INSERT INTO "content_asset" VALUES(204,'Copy','Copy','meshes/204/monkey.blend','meshes/204/C_Corridor.fbx','meshes/204/monkey_1.glb',1,'2023-07-10 15:15:20.554020');
INSERT INTO "content_asset" VALUES(205,'Copy','Copy','meshes/205/monkey.blend','meshes/205/C_Corridor.fbx','meshes/205/monkey_1.glb',1,'2023-07-10 15:15:21.732484');
INSERT INTO "content_asset" VALUES(206,'Copy','Copy','meshes/206/monkey.blend','meshes/206/C_Corridor.fbx','meshes/206/monkey_1.glb',1,'2023-07-10 15:15:22.898493');
INSERT INTO "content_asset" VALUES(207,'Copy','Copy','meshes/207/monkey.blend','meshes/207/C_Corridor.fbx','meshes/207/monkey_1.glb',1,'2023-07-10 15:15:24.043147');
INSERT INTO "content_asset" VALUES(208,'Copy','Copy','meshes/208/monkey.blend','meshes/208/C_Corridor.fbx','meshes/208/monkey_1.glb',1,'2023-07-10 15:15:25.120671');
INSERT INTO "content_asset" VALUES(209,'Copy','Copy','meshes/209/monkey.blend','meshes/209/C_Corridor.fbx','meshes/209/monkey_1.glb',1,'2023-07-10 15:15:26.320811');
INSERT INTO "content_asset" VALUES(210,'Copy','Copy','meshes/210/monkey.blend','meshes/210/C_Corridor.fbx','meshes/210/monkey_1.glb',1,'2023-07-10 15:15:27.453612');
INSERT INTO "content_asset" VALUES(211,'Copy','Copy','meshes/211/monkey.blend','meshes/211/C_Corridor.fbx','meshes/211/monkey_1.glb',1,'2023-07-10 15:15:28.631374');
INSERT INTO "content_asset" VALUES(212,'Copy','Copy','meshes/212/monkey.blend','meshes/212/C_Corridor.fbx','meshes/212/monkey_1.glb',1,'2023-07-10 15:15:29.738493');
INSERT INTO "content_asset" VALUES(213,'Copy','Copy','meshes/213/monkey.blend','meshes/213/C_Corridor.fbx','meshes/213/monkey_1.glb',1,'2023-07-10 15:15:30.960260');
INSERT INTO "content_asset" VALUES(214,'Copy','Copy','meshes/214/monkey.blend','meshes/214/C_Corridor.fbx','meshes/214/monkey_1.glb',1,'2023-07-10 15:15:32.193346');
INSERT INTO "content_asset" VALUES(215,'Copy','Copy','meshes/215/monkey.blend','meshes/215/C_Corridor.fbx','meshes/215/monkey_1.glb',1,'2023-07-10 15:15:33.315524');
INSERT INTO "content_asset" VALUES(216,'Copy','Copy','meshes/216/monkey.blend','meshes/216/C_Corridor.fbx','meshes/216/monkey_1.glb',1,'2023-07-10 15:15:34.520534');
INSERT INTO "content_asset" VALUES(217,'Copy','Copy','meshes/217/monkey.blend','meshes/217/C_Corridor.fbx','meshes/217/monkey_1.glb',1,'2023-07-10 15:15:35.759959');
INSERT INTO "content_asset" VALUES(218,'Copy','Copy','meshes/218/monkey.blend','meshes/218/C_Corridor.fbx','meshes/218/monkey_1.glb',1,'2023-07-10 15:15:36.927207');
INSERT INTO "content_asset" VALUES(219,'Copy','Copy','meshes/219/monkey.blend','meshes/219/C_Corridor.fbx','meshes/219/monkey_1.glb',1,'2023-07-10 15:15:38.164236');
INSERT INTO "content_asset" VALUES(220,'Copy','Copy','meshes/220/monkey.blend','meshes/220/C_Corridor.fbx','meshes/220/monkey_1.glb',1,'2023-07-10 15:15:39.326371');
INSERT INTO "content_asset" VALUES(221,'Copy','Copy','meshes/221/monkey.blend','meshes/221/C_Corridor.fbx','meshes/221/monkey_1.glb',1,'2023-07-10 15:15:40.464068');
INSERT INTO "content_asset" VALUES(222,'Copy','Copy','meshes/222/monkey.blend','meshes/222/C_Corridor.fbx','meshes/222/monkey_1.glb',1,'2023-07-10 15:15:41.526615');
INSERT INTO "content_asset" VALUES(223,'Copy','Copy','meshes/223/monkey.blend','meshes/223/C_Corridor.fbx','meshes/223/monkey_1.glb',1,'2023-07-10 15:15:42.704546');
INSERT INTO "content_asset" VALUES(224,'Copy','Copy','meshes/224/monkey.blend','meshes/224/C_Corridor.fbx','meshes/224/monkey_1.glb',1,'2023-07-10 15:15:43.798150');
INSERT INTO "content_asset" VALUES(225,'Copy','Copy','meshes/225/monkey.blend','meshes/225/C_Corridor.fbx','meshes/225/monkey_1.glb',1,'2023-07-10 15:15:44.970666');
INSERT INTO "content_asset" VALUES(226,'Copy','Copy','meshes/226/monkey.blend','meshes/226/C_Corridor.fbx','meshes/226/monkey_1.glb',1,'2023-07-10 15:15:46.093356');
INSERT INTO "content_asset" VALUES(227,'Copy','Copy','meshes/227/monkey.blend','meshes/227/C_Corridor.fbx','meshes/227/monkey_1.glb',1,'2023-07-10 15:15:47.326298');
INSERT INTO "content_asset" VALUES(228,'Copy','Copy','meshes/228/monkey.blend','meshes/228/C_Corridor.fbx','meshes/228/monkey_1.glb',1,'2023-07-10 15:15:48.559798');
INSERT INTO "content_asset" VALUES(229,'Copy','Copy','meshes/229/monkey.blend','meshes/229/C_Corridor.fbx','meshes/229/monkey_1.glb',1,'2023-07-10 15:15:49.781196');
INSERT INTO "content_asset" VALUES(230,'Copy','Copy','meshes/230/monkey.blend','meshes/230/C_Corridor.fbx','meshes/230/monkey_1.glb',1,'2023-07-10 15:15:51.048434');
INSERT INTO "content_asset" VALUES(231,'Copy','Copy','meshes/231/monkey.blend','meshes/231/C_Corridor.fbx','meshes/231/monkey_1.glb',1,'2023-07-10 15:15:52.281250');
INSERT INTO "content_asset" VALUES(232,'Copy','Copy','meshes/232/monkey.blend','meshes/232/C_Corridor.fbx','meshes/232/monkey_1.glb',1,'2023-07-10 15:15:53.548605');
INSERT INTO "content_asset" VALUES(233,'Copy','Copy','meshes/233/monkey.blend','meshes/233/C_Corridor.fbx','meshes/233/monkey_1.glb',1,'2023-07-10 15:15:54.714951');
INSERT INTO "content_asset" VALUES(234,'Copy','Copy','meshes/234/monkey.blend','meshes/234/C_Corridor.fbx','meshes/234/monkey_1.glb',1,'2023-07-10 15:15:56.003669');
INSERT INTO "content_asset" VALUES(235,'Copy','Copy','meshes/235/monkey.blend','meshes/235/C_Corridor.fbx','meshes/235/monkey_1.glb',1,'2023-07-10 15:15:57.292171');
INSERT INTO "content_asset" VALUES(236,'Copy','Copy','meshes/236/monkey.blend','meshes/236/C_Corridor.fbx','meshes/236/monkey_1.glb',1,'2023-07-10 15:15:58.570079');
INSERT INTO "content_asset" VALUES(237,'Copy','Copy','meshes/237/monkey.blend','meshes/237/C_Corridor.fbx','meshes/237/monkey_1.glb',1,'2023-07-10 15:15:59.819009');
INSERT INTO "content_asset" VALUES(238,'Copy','Copy','meshes/238/monkey.blend','meshes/238/C_Corridor.fbx','meshes/238/monkey_1.glb',1,'2023-07-10 15:16:01.125491');
INSERT INTO "content_asset" VALUES(239,'Copy','Copy','meshes/239/monkey.blend','meshes/239/C_Corridor.fbx','meshes/239/monkey_1.glb',1,'2023-07-10 15:16:02.370066');
INSERT INTO "content_asset" VALUES(240,'Copy','Copy','meshes/240/monkey.blend','meshes/240/C_Corridor.fbx','meshes/240/monkey_1.glb',1,'2023-07-10 15:16:03.614068');
INSERT INTO "content_asset" VALUES(241,'Copy','Copy','meshes/241/monkey.blend','meshes/241/C_Corridor.fbx','meshes/241/monkey_1.glb',1,'2023-07-10 15:16:04.747212');
INSERT INTO "content_asset" VALUES(242,'Copy','Copy','meshes/242/monkey.blend','meshes/242/C_Corridor.fbx','meshes/242/monkey_1.glb',1,'2023-07-10 15:16:06.014163');
INSERT INTO "content_asset" VALUES(243,'Copy','Copy','meshes/243/monkey.blend','meshes/243/C_Corridor.fbx','meshes/243/monkey_1.glb',1,'2023-07-10 15:16:07.247454');
INSERT INTO "content_asset" VALUES(244,'Copy','Copy','meshes/244/monkey.blend','meshes/244/C_Corridor.fbx','meshes/244/monkey_1.glb',1,'2023-07-10 15:16:08.424897');
INSERT INTO "content_asset" VALUES(245,'Copy','Copy','meshes/245/monkey.blend','meshes/245/C_Corridor.fbx','meshes/245/monkey_1.glb',1,'2023-07-10 15:16:09.680407');
INSERT INTO "content_asset" VALUES(246,'Copy','Copy','meshes/246/monkey.blend','meshes/246/C_Corridor.fbx','meshes/246/monkey_1.glb',1,'2023-07-10 15:16:10.936483');
INSERT INTO "content_asset" VALUES(247,'Copy','Copy','meshes/247/monkey.blend','meshes/247/C_Corridor.fbx','meshes/247/monkey_1.glb',1,'2023-07-10 15:16:12.069330');
INSERT INTO "content_asset" VALUES(248,'Copy','Copy','meshes/248/monkey.blend','meshes/248/C_Corridor.fbx','meshes/248/monkey_1.glb',1,'2023-07-10 15:16:13.268884');
INSERT INTO "content_asset" VALUES(249,'Copy','Copy','meshes/249/monkey.blend','meshes/249/C_Corridor.fbx','meshes/249/monkey_1.glb',1,'2023-07-10 15:16:14.518943');
INSERT INTO "content_asset" VALUES(250,'Copy','Copy','meshes/250/monkey.blend','meshes/250/C_Corridor.fbx','meshes/250/monkey_1.glb',1,'2023-07-10 15:16:15.769333');
INSERT INTO "content_asset" VALUES(251,'Copy','Copy','meshes/251/monkey.blend','meshes/251/C_Corridor.fbx','meshes/251/monkey_1.glb',1,'2023-07-10 15:16:17.124665');
INSERT INTO "content_asset" VALUES(252,'Copy','Copy','meshes/252/monkey.blend','meshes/252/C_Corridor.fbx','meshes/252/monkey_1.glb',1,'2023-07-10 15:16:18.313484');
INSERT INTO "content_asset" VALUES(253,'Copy','Copy','meshes/253/monkey.blend','meshes/253/C_Corridor.fbx','meshes/253/monkey_1.glb',1,'2023-07-10 15:16:19.585078');
INSERT INTO "content_asset" VALUES(254,'Copy','Copy','meshes/254/monkey.blend','meshes/254/C_Corridor.fbx','meshes/254/monkey_1.glb',1,'2023-07-10 15:16:20.802386');
INSERT INTO "content_asset" VALUES(255,'Copy','Copy','meshes/255/monkey.blend','meshes/255/C_Corridor.fbx','meshes/255/monkey_1.glb',1,'2023-07-10 15:16:22.035027');
INSERT INTO "content_asset" VALUES(256,'Copy','Copy','meshes/256/monkey.blend','meshes/256/C_Corridor.fbx','meshes/256/monkey_1.glb',1,'2023-07-10 15:16:23.313573');
INSERT INTO "content_asset" VALUES(257,'Copy','Copy','meshes/257/monkey.blend','meshes/257/C_Corridor.fbx','meshes/257/monkey_1.glb',1,'2023-07-10 15:16:24.690885');
INSERT INTO "content_asset" VALUES(258,'Copy','Copy','meshes/258/monkey.blend','meshes/258/C_Corridor.fbx','meshes/258/monkey_1.glb',1,'2023-07-10 15:16:25.901726');
INSERT INTO "content_asset" VALUES(259,'Copy','Copy','meshes/259/monkey.blend','meshes/259/C_Corridor.fbx','meshes/259/monkey_1.glb',1,'2023-07-10 15:16:27.212994');
CREATE UNIQUE INDEX "auth_group_permissions_group_id_permission_id_0cd325b0_uniq" ON "auth_group_permissions" ("group_id", "permission_id");
CREATE INDEX IF NOT EXISTS "auth_group_permissions_group_id_b120cbf9" ON "auth_group_permissions" ("group_id");
CREATE INDEX IF NOT EXISTS "auth_group_permissions_permission_id_84c5c92e" ON "auth_group_permissions" ("permission_id");
CREATE UNIQUE INDEX "auth_user_groups_user_id_group_id_94350c0c_uniq" ON "auth_user_groups" ("user_id", "group_id");
CREATE INDEX IF NOT EXISTS "auth_user_groups_user_id_6a12ed8b" ON "auth_user_groups" ("user_id");
CREATE INDEX IF NOT EXISTS "auth_user_groups_group_id_97559544" ON "auth_user_groups" ("group_id");
CREATE UNIQUE INDEX "auth_user_user_permissions_user_id_permission_id_14a6b632_uniq" ON "auth_user_user_permissions" ("user_id", "permission_id");
CREATE INDEX IF NOT EXISTS "auth_user_user_permissions_user_id_a95ead1b" ON "auth_user_user_permissions" ("user_id");
CREATE INDEX IF NOT EXISTS "auth_user_user_permissions_permission_id_1fbb5f2c" ON "auth_user_user_permissions" ("permission_id");
CREATE INDEX IF NOT EXISTS "django_admin_log_content_type_id_c4bce8eb" ON "django_admin_log" ("content_type_id");
CREATE INDEX IF NOT EXISTS "django_admin_log_user_id_c564eba6" ON "django_admin_log" ("user_id");
CREATE UNIQUE INDEX "django_content_type_app_label_model_76bd3d3b_uniq" ON "django_content_type" ("app_label", "model");
CREATE UNIQUE INDEX "auth_permission_content_type_id_codename_01ab375a_uniq" ON "auth_permission" ("content_type_id", "codename");
CREATE INDEX IF NOT EXISTS "auth_permission_content_type_id_2f476e4b" ON "auth_permission" ("content_type_id");
CREATE INDEX IF NOT EXISTS "content_assettag_category_id_c168d6a0" ON "content_assettag" ("category_id");
CREATE UNIQUE INDEX "content_asset_tags_asset_id_assettag_id_4e1866d9_uniq" ON "content_asset_tags" ("asset_id", "assettag_id");
CREATE INDEX IF NOT EXISTS "content_asset_tags_asset_id_559b2df4" ON "content_asset_tags" ("asset_id");
CREATE INDEX IF NOT EXISTS "content_asset_tags_assettag_id_3798b13b" ON "content_asset_tags" ("assettag_id");
CREATE UNIQUE INDEX "content_asset_textures_asset_id_texture_id_195211a7_uniq" ON "content_asset_textures" ("asset_id", "texture_id");
CREATE INDEX IF NOT EXISTS "content_asset_textures_asset_id_cbf1eb2c" ON "content_asset_textures" ("asset_id");
CREATE INDEX IF NOT EXISTS "content_asset_textures_texture_id_4806b76d" ON "content_asset_textures" ("texture_id");
CREATE INDEX IF NOT EXISTS "django_session_expire_date_a5c62663" ON "django_session" ("expire_date");
CREATE INDEX IF NOT EXISTS "content_asset_author_id_5b35e82f" ON "content_asset" ("author_id");
CREATE UNIQUE INDEX "content_asset_favorites_asset_id_user_id_576e585a_uniq" ON "content_asset_favorites" ("asset_id", "user_id");
CREATE INDEX IF NOT EXISTS "content_asset_favorites_asset_id_39f92eec" ON "content_asset_favorites" ("asset_id");
CREATE INDEX IF NOT EXISTS "content_asset_favorites_user_id_53cd0955" ON "content_asset_favorites" ("user_id");
CREATE TABLE IF NOT EXISTS "content_asset_favorites" ("id" integer NOT NULL PRIMARY KEY AUTOINCREMENT, "asset_id" bigint NOT NULL REFERENCES "content_asset" ("id") DEFERRABLE INITIALLY DEFERRED, "user_id" integer NOT NULL REFERENCES "auth_user" ("id") DEFERRABLE INITIALLY DEFERRED);
INSERT INTO "content_asset_favorites" VALUES(32,16,1);
CREATE UNIQUE INDEX "auth_group_permissions_group_id_permission_id_0cd325b0_uniq" ON "auth_group_permissions" ("group_id", "permission_id");
CREATE INDEX IF NOT EXISTS "auth_group_permissions_group_id_b120cbf9" ON "auth_group_permissions" ("group_id");
CREATE INDEX IF NOT EXISTS "auth_group_permissions_permission_id_84c5c92e" ON "auth_group_permissions" ("permission_id");
CREATE UNIQUE INDEX "auth_user_groups_user_id_group_id_94350c0c_uniq" ON "auth_user_groups" ("user_id", "group_id");
CREATE INDEX IF NOT EXISTS "auth_user_groups_user_id_6a12ed8b" ON "auth_user_groups" ("user_id");
CREATE INDEX IF NOT EXISTS "auth_user_groups_group_id_97559544" ON "auth_user_groups" ("group_id");
CREATE UNIQUE INDEX "auth_user_user_permissions_user_id_permission_id_14a6b632_uniq" ON "auth_user_user_permissions" ("user_id", "permission_id");
CREATE INDEX IF NOT EXISTS "auth_user_user_permissions_user_id_a95ead1b" ON "auth_user_user_permissions" ("user_id");
CREATE INDEX IF NOT EXISTS "auth_user_user_permissions_permission_id_1fbb5f2c" ON "auth_user_user_permissions" ("permission_id");
CREATE INDEX IF NOT EXISTS "django_admin_log_content_type_id_c4bce8eb" ON "django_admin_log" ("content_type_id");
CREATE INDEX IF NOT EXISTS "django_admin_log_user_id_c564eba6" ON "django_admin_log" ("user_id");
CREATE UNIQUE INDEX "django_content_type_app_label_model_76bd3d3b_uniq" ON "django_content_type" ("app_label", "model");
CREATE UNIQUE INDEX "auth_permission_content_type_id_codename_01ab375a_uniq" ON "auth_permission" ("content_type_id", "codename");
CREATE INDEX IF NOT EXISTS "auth_permission_content_type_id_2f476e4b" ON "auth_permission" ("content_type_id");
CREATE INDEX IF NOT EXISTS "content_assettag_category_id_c168d6a0" ON "content_assettag" ("category_id");
CREATE UNIQUE INDEX "content_asset_tags_asset_id_assettag_id_4e1866d9_uniq" ON "content_asset_tags" ("asset_id", "assettag_id");
CREATE INDEX IF NOT EXISTS "content_asset_tags_asset_id_559b2df4" ON "content_asset_tags" ("asset_id");
CREATE INDEX IF NOT EXISTS "content_asset_tags_assettag_id_3798b13b" ON "content_asset_tags" ("assettag_id");
CREATE UNIQUE INDEX "content_asset_textures_asset_id_texture_id_195211a7_uniq" ON "content_asset_textures" ("asset_id", "texture_id");
CREATE INDEX IF NOT EXISTS "content_asset_textures_asset_id_cbf1eb2c" ON "content_asset_textures" ("asset_id");
CREATE INDEX IF NOT EXISTS "content_asset_textures_texture_id_4806b76d" ON "content_asset_textures" ("texture_id");
CREATE INDEX IF NOT EXISTS "django_session_expire_date_a5c62663" ON "django_session" ("expire_date");
CREATE INDEX IF NOT EXISTS "content_asset_author_id_5b35e82f" ON "content_asset" ("author_id");
CREATE UNIQUE INDEX "content_asset_favorites_asset_id_user_id_576e585a_uniq" ON "content_asset_favorites" ("asset_id", "user_id");
CREATE INDEX IF NOT EXISTS "content_asset_favorites_asset_id_39f92eec" ON "content_asset_favorites" ("asset_id");
CREATE INDEX IF NOT EXISTS "content_asset_favorites_user_id_53cd0955" ON "content_asset_favorites" ("user_id");
CREATE TABLE IF NOT EXISTS "content_asset_tags" ("id" integer NOT NULL PRIMARY KEY AUTOINCREMENT, "asset_id" bigint NOT NULL REFERENCES "content_asset" ("id") DEFERRABLE INITIALLY DEFERRED, "assettag_id" bigint NOT NULL REFERENCES "content_assettag" ("id") DEFERRABLE INITIALLY DEFERRED);
INSERT INTO "content_asset_tags" VALUES(53,18,1);
INSERT INTO "content_asset_tags" VALUES(54,18,2);
INSERT INTO "content_asset_tags" VALUES(55,18,3);
INSERT INTO "content_asset_tags" VALUES(56,18,4);
INSERT INTO "content_asset_tags" VALUES(57,18,5);
INSERT INTO "content_asset_tags" VALUES(58,19,1);
INSERT INTO "content_asset_tags" VALUES(59,19,2);
INSERT INTO "content_asset_tags" VALUES(60,19,3);
INSERT INTO "content_asset_tags" VALUES(61,19,4);
INSERT INTO "content_asset_tags" VALUES(62,19,5);
INSERT INTO "content_asset_tags" VALUES(63,20,1);
INSERT INTO "content_asset_tags" VALUES(64,20,2);
INSERT INTO "content_asset_tags" VALUES(65,20,3);
INSERT INTO "content_asset_tags" VALUES(66,20,4);
INSERT INTO "content_asset_tags" VALUES(67,20,5);
INSERT INTO "content_asset_tags" VALUES(68,21,1);
INSERT INTO "content_asset_tags" VALUES(69,21,2);
INSERT INTO "content_asset_tags" VALUES(70,21,3);
INSERT INTO "content_asset_tags" VALUES(71,21,4);
INSERT INTO "content_asset_tags" VALUES(72,21,5);
INSERT INTO "content_asset_tags" VALUES(73,22,1);
INSERT INTO "content_asset_tags" VALUES(74,22,2);
INSERT INTO "content_asset_tags" VALUES(75,22,3);
INSERT INTO "content_asset_tags" VALUES(76,22,4);
INSERT INTO "content_asset_tags" VALUES(77,22,5);
INSERT INTO "content_asset_tags" VALUES(78,23,1);
INSERT INTO "content_asset_tags" VALUES(79,23,2);
INSERT INTO "content_asset_tags" VALUES(80,23,3);
INSERT INTO "content_asset_tags" VALUES(81,23,4);
INSERT INTO "content_asset_tags" VALUES(82,23,5);
INSERT INTO "content_asset_tags" VALUES(83,24,1);
INSERT INTO "content_asset_tags" VALUES(84,24,2);
INSERT INTO "content_asset_tags" VALUES(85,24,3);
INSERT INTO "content_asset_tags" VALUES(86,24,4);
INSERT INTO "content_asset_tags" VALUES(87,24,5);
INSERT INTO "content_asset_tags" VALUES(88,25,1);
INSERT INTO "content_asset_tags" VALUES(89,25,2);
INSERT INTO "content_asset_tags" VALUES(90,25,3);
INSERT INTO "content_asset_tags" VALUES(91,25,4);
INSERT INTO "content_asset_tags" VALUES(92,25,5);
INSERT INTO "content_asset_tags" VALUES(93,26,1);
INSERT INTO "content_asset_tags" VALUES(94,26,2);
INSERT INTO "content_asset_tags" VALUES(95,26,3);
INSERT INTO "content_asset_tags" VALUES(96,26,4);
INSERT INTO "content_asset_tags" VALUES(97,26,5);
INSERT INTO "content_asset_tags" VALUES(98,27,1);
INSERT INTO "content_asset_tags" VALUES(99,27,2);
INSERT INTO "content_asset_tags" VALUES(100,27,3);
INSERT INTO "content_asset_tags" VALUES(101,27,4);
INSERT INTO "content_asset_tags" VALUES(102,27,5);
INSERT INTO "content_asset_tags" VALUES(103,28,1);
INSERT INTO "content_asset_tags" VALUES(104,28,2);
INSERT INTO "content_asset_tags" VALUES(105,28,3);
INSERT INTO "content_asset_tags" VALUES(106,28,4);
INSERT INTO "content_asset_tags" VALUES(107,28,5);
INSERT INTO "content_asset_tags" VALUES(108,29,1);
INSERT INTO "content_asset_tags" VALUES(109,29,2);
INSERT INTO "content_asset_tags" VALUES(110,29,3);
INSERT INTO "content_asset_tags" VALUES(111,29,4);
INSERT INTO "content_asset_tags" VALUES(112,29,5);
INSERT INTO "content_asset_tags" VALUES(113,30,1);
INSERT INTO "content_asset_tags" VALUES(114,30,2);
INSERT INTO "content_asset_tags" VALUES(115,30,3);
INSERT INTO "content_asset_tags" VALUES(116,30,4);
INSERT INTO "content_asset_tags" VALUES(117,30,5);
INSERT INTO "content_asset_tags" VALUES(118,31,1);
INSERT INTO "content_asset_tags" VALUES(119,31,2);
INSERT INTO "content_asset_tags" VALUES(120,31,3);
INSERT INTO "content_asset_tags" VALUES(121,31,4);
INSERT INTO "content_asset_tags" VALUES(122,31,5);
INSERT INTO "content_asset_tags" VALUES(123,32,1);
INSERT INTO "content_asset_tags" VALUES(124,32,2);
INSERT INTO "content_asset_tags" VALUES(125,32,3);
INSERT INTO "content_asset_tags" VALUES(126,32,4);
INSERT INTO "content_asset_tags" VALUES(127,32,5);
INSERT INTO "content_asset_tags" VALUES(128,33,1);
INSERT INTO "content_asset_tags" VALUES(129,33,2);
INSERT INTO "content_asset_tags" VALUES(130,33,3);
INSERT INTO "content_asset_tags" VALUES(131,33,4);
INSERT INTO "content_asset_tags" VALUES(132,33,5);
INSERT INTO "content_asset_tags" VALUES(133,34,1);
INSERT INTO "content_asset_tags" VALUES(134,34,2);
INSERT INTO "content_asset_tags" VALUES(135,34,3);
INSERT INTO "content_asset_tags" VALUES(136,34,4);
INSERT INTO "content_asset_tags" VALUES(137,34,5);
INSERT INTO "content_asset_tags" VALUES(138,35,1);
INSERT INTO "content_asset_tags" VALUES(139,35,2);
INSERT INTO "content_asset_tags" VALUES(140,35,3);
INSERT INTO "content_asset_tags" VALUES(141,35,4);
INSERT INTO "content_asset_tags" VALUES(142,35,5);
INSERT INTO "content_asset_tags" VALUES(143,36,1);
INSERT INTO "content_asset_tags" VALUES(144,36,2);
INSERT INTO "content_asset_tags" VALUES(145,36,3);
INSERT INTO "content_asset_tags" VALUES(146,36,4);
INSERT INTO "content_asset_tags" VALUES(147,36,5);
INSERT INTO "content_asset_tags" VALUES(148,37,1);
INSERT INTO "content_asset_tags" VALUES(149,37,2);
INSERT INTO "content_asset_tags" VALUES(150,37,3);
INSERT INTO "content_asset_tags" VALUES(151,37,4);
INSERT INTO "content_asset_tags" VALUES(152,37,5);
INSERT INTO "content_asset_tags" VALUES(153,38,1);
INSERT INTO "content_asset_tags" VALUES(154,38,2);
INSERT INTO "content_asset_tags" VALUES(155,38,3);
INSERT INTO "content_asset_tags" VALUES(156,38,4);
INSERT INTO "content_asset_tags" VALUES(157,38,5);
INSERT INTO "content_asset_tags" VALUES(158,39,1);
INSERT INTO "content_asset_tags" VALUES(159,39,2);
INSERT INTO "content_asset_tags" VALUES(160,39,3);
INSERT INTO "content_asset_tags" VALUES(161,39,4);
INSERT INTO "content_asset_tags" VALUES(162,39,5);
INSERT INTO "content_asset_tags" VALUES(163,40,1);
INSERT INTO "content_asset_tags" VALUES(164,40,2);
INSERT INTO "content_asset_tags" VALUES(165,40,3);
INSERT INTO "content_asset_tags" VALUES(166,40,4);
INSERT INTO "content_asset_tags" VALUES(167,40,5);
INSERT INTO "content_asset_tags" VALUES(168,41,1);
INSERT INTO "content_asset_tags" VALUES(169,41,2);
INSERT INTO "content_asset_tags" VALUES(170,41,3);
INSERT INTO "content_asset_tags" VALUES(171,41,4);
INSERT INTO "content_asset_tags" VALUES(172,41,5);
INSERT INTO "content_asset_tags" VALUES(173,42,1);
INSERT INTO "content_asset_tags" VALUES(174,42,2);
INSERT INTO "content_asset_tags" VALUES(175,42,3);
INSERT INTO "content_asset_tags" VALUES(176,42,4);
INSERT INTO "content_asset_tags" VALUES(177,42,5);
INSERT INTO "content_asset_tags" VALUES(178,43,1);
INSERT INTO "content_asset_tags" VALUES(179,43,2);
INSERT INTO "content_asset_tags" VALUES(180,43,3);
INSERT INTO "content_asset_tags" VALUES(181,43,4);
INSERT INTO "content_asset_tags" VALUES(182,43,5);
INSERT INTO "content_asset_tags" VALUES(183,44,1);
INSERT INTO "content_asset_tags" VALUES(184,44,2);
INSERT INTO "content_asset_tags" VALUES(185,44,3);
INSERT INTO "content_asset_tags" VALUES(186,44,4);
INSERT INTO "content_asset_tags" VALUES(187,44,5);
INSERT INTO "content_asset_tags" VALUES(188,45,1);
INSERT INTO "content_asset_tags" VALUES(189,45,2);
INSERT INTO "content_asset_tags" VALUES(190,45,3);
INSERT INTO "content_asset_tags" VALUES(191,45,4);
INSERT INTO "content_asset_tags" VALUES(192,45,5);
INSERT INTO "content_asset_tags" VALUES(193,46,1);
INSERT INTO "content_asset_tags" VALUES(194,46,2);
INSERT INTO "content_asset_tags" VALUES(195,46,3);
INSERT INTO "content_asset_tags" VALUES(196,46,4);
INSERT INTO "content_asset_tags" VALUES(197,46,5);
INSERT INTO "content_asset_tags" VALUES(198,47,1);
INSERT INTO "content_asset_tags" VALUES(199,47,2);
INSERT INTO "content_asset_tags" VALUES(200,47,3);
INSERT INTO "content_asset_tags" VALUES(201,47,4);
INSERT INTO "content_asset_tags" VALUES(202,47,5);
INSERT INTO "content_asset_tags" VALUES(203,48,1);
INSERT INTO "content_asset_tags" VALUES(204,48,2);
INSERT INTO "content_asset_tags" VALUES(205,48,3);
INSERT INTO "content_asset_tags" VALUES(206,48,4);
INSERT INTO "content_asset_tags" VALUES(207,48,5);
INSERT INTO "content_asset_tags" VALUES(208,49,1);
INSERT INTO "content_asset_tags" VALUES(209,49,2);
INSERT INTO "content_asset_tags" VALUES(210,49,3);
INSERT INTO "content_asset_tags" VALUES(211,49,4);
INSERT INTO "content_asset_tags" VALUES(212,49,5);
INSERT INTO "content_asset_tags" VALUES(213,50,1);
INSERT INTO "content_asset_tags" VALUES(214,50,2);
INSERT INTO "content_asset_tags" VALUES(215,50,3);
INSERT INTO "content_asset_tags" VALUES(216,50,4);
INSERT INTO "content_asset_tags" VALUES(217,50,5);
INSERT INTO "content_asset_tags" VALUES(218,51,1);
INSERT INTO "content_asset_tags" VALUES(219,51,2);
INSERT INTO "content_asset_tags" VALUES(220,51,3);
INSERT INTO "content_asset_tags" VALUES(221,51,4);
INSERT INTO "content_asset_tags" VALUES(222,51,5);
INSERT INTO "content_asset_tags" VALUES(223,52,1);
INSERT INTO "content_asset_tags" VALUES(224,52,2);
INSERT INTO "content_asset_tags" VALUES(225,52,3);
INSERT INTO "content_asset_tags" VALUES(226,52,4);
INSERT INTO "content_asset_tags" VALUES(227,52,5);
INSERT INTO "content_asset_tags" VALUES(228,53,1);
INSERT INTO "content_asset_tags" VALUES(229,53,2);
INSERT INTO "content_asset_tags" VALUES(230,53,3);
INSERT INTO "content_asset_tags" VALUES(231,53,4);
INSERT INTO "content_asset_tags" VALUES(232,53,5);
INSERT INTO "content_asset_tags" VALUES(233,54,1);
INSERT INTO "content_asset_tags" VALUES(234,54,2);
INSERT INTO "content_asset_tags" VALUES(235,54,3);
INSERT INTO "content_asset_tags" VALUES(236,54,4);
INSERT INTO "content_asset_tags" VALUES(237,54,5);
INSERT INTO "content_asset_tags" VALUES(238,55,1);
INSERT INTO "content_asset_tags" VALUES(239,55,2);
INSERT INTO "content_asset_tags" VALUES(240,55,3);
INSERT INTO "content_asset_tags" VALUES(241,55,4);
INSERT INTO "content_asset_tags" VALUES(242,55,5);
INSERT INTO "content_asset_tags" VALUES(243,56,1);
INSERT INTO "content_asset_tags" VALUES(244,56,2);
INSERT INTO "content_asset_tags" VALUES(245,56,3);
INSERT INTO "content_asset_tags" VALUES(246,56,4);
INSERT INTO "content_asset_tags" VALUES(247,56,5);
INSERT INTO "content_asset_tags" VALUES(248,57,1);
INSERT INTO "content_asset_tags" VALUES(249,57,2);
INSERT INTO "content_asset_tags" VALUES(250,57,3);
INSERT INTO "content_asset_tags" VALUES(251,57,4);
INSERT INTO "content_asset_tags" VALUES(252,57,5);
INSERT INTO "content_asset_tags" VALUES(253,58,1);
INSERT INTO "content_asset_tags" VALUES(254,58,2);
INSERT INTO "content_asset_tags" VALUES(255,58,3);
INSERT INTO "content_asset_tags" VALUES(256,58,4);
INSERT INTO "content_asset_tags" VALUES(257,58,5);
INSERT INTO "content_asset_tags" VALUES(258,59,1);
INSERT INTO "content_asset_tags" VALUES(259,59,2);
INSERT INTO "content_asset_tags" VALUES(260,59,3);
INSERT INTO "content_asset_tags" VALUES(261,59,4);
INSERT INTO "content_asset_tags" VALUES(262,59,5);
INSERT INTO "content_asset_tags" VALUES(263,60,1);
INSERT INTO "content_asset_tags" VALUES(264,60,2);
INSERT INTO "content_asset_tags" VALUES(265,60,3);
INSERT INTO "content_asset_tags" VALUES(266,60,4);
INSERT INTO "content_asset_tags" VALUES(267,60,5);
INSERT INTO "content_asset_tags" VALUES(268,61,1);
INSERT INTO "content_asset_tags" VALUES(269,61,2);
INSERT INTO "content_asset_tags" VALUES(270,61,3);
INSERT INTO "content_asset_tags" VALUES(271,61,4);
INSERT INTO "content_asset_tags" VALUES(272,61,5);
INSERT INTO "content_asset_tags" VALUES(273,62,1);
INSERT INTO "content_asset_tags" VALUES(274,62,2);
INSERT INTO "content_asset_tags" VALUES(275,62,3);
INSERT INTO "content_asset_tags" VALUES(276,62,4);
INSERT INTO "content_asset_tags" VALUES(277,62,5);
INSERT INTO "content_asset_tags" VALUES(278,63,1);
INSERT INTO "content_asset_tags" VALUES(279,63,2);
INSERT INTO "content_asset_tags" VALUES(280,63,3);
INSERT INTO "content_asset_tags" VALUES(281,63,4);
INSERT INTO "content_asset_tags" VALUES(282,63,5);
INSERT INTO "content_asset_tags" VALUES(283,64,1);
INSERT INTO "content_asset_tags" VALUES(284,64,2);
INSERT INTO "content_asset_tags" VALUES(285,64,3);
INSERT INTO "content_asset_tags" VALUES(286,64,4);
INSERT INTO "content_asset_tags" VALUES(287,64,5);
INSERT INTO "content_asset_tags" VALUES(288,65,1);
INSERT INTO "content_asset_tags" VALUES(289,65,2);
INSERT INTO "content_asset_tags" VALUES(290,65,3);
INSERT INTO "content_asset_tags" VALUES(291,65,4);
INSERT INTO "content_asset_tags" VALUES(292,65,5);
INSERT INTO "content_asset_tags" VALUES(293,66,1);
INSERT INTO "content_asset_tags" VALUES(294,66,2);
INSERT INTO "content_asset_tags" VALUES(295,66,3);
INSERT INTO "content_asset_tags" VALUES(296,66,4);
INSERT INTO "content_asset_tags" VALUES(297,66,5);
INSERT INTO "content_asset_tags" VALUES(298,67,1);
INSERT INTO "content_asset_tags" VALUES(299,67,2);
INSERT INTO "content_asset_tags" VALUES(300,67,3);
INSERT INTO "content_asset_tags" VALUES(301,67,4);
INSERT INTO "content_asset_tags" VALUES(302,67,5);
INSERT INTO "content_asset_tags" VALUES(303,68,1);
INSERT INTO "content_asset_tags" VALUES(304,68,2);
INSERT INTO "content_asset_tags" VALUES(305,68,3);
INSERT INTO "content_asset_tags" VALUES(306,68,4);
INSERT INTO "content_asset_tags" VALUES(307,68,5);
INSERT INTO "content_asset_tags" VALUES(308,69,1);
INSERT INTO "content_asset_tags" VALUES(309,69,2);
INSERT INTO "content_asset_tags" VALUES(310,69,3);
INSERT INTO "content_asset_tags" VALUES(311,69,4);
INSERT INTO "content_asset_tags" VALUES(312,69,5);
INSERT INTO "content_asset_tags" VALUES(313,70,1);
INSERT INTO "content_asset_tags" VALUES(314,70,2);
INSERT INTO "content_asset_tags" VALUES(315,70,3);
INSERT INTO "content_asset_tags" VALUES(316,70,4);
INSERT INTO "content_asset_tags" VALUES(317,70,5);
INSERT INTO "content_asset_tags" VALUES(318,71,1);
INSERT INTO "content_asset_tags" VALUES(319,71,2);
INSERT INTO "content_asset_tags" VALUES(320,71,3);
INSERT INTO "content_asset_tags" VALUES(321,71,4);
INSERT INTO "content_asset_tags" VALUES(322,71,5);
INSERT INTO "content_asset_tags" VALUES(323,72,1);
INSERT INTO "content_asset_tags" VALUES(324,72,2);
INSERT INTO "content_asset_tags" VALUES(325,72,3);
INSERT INTO "content_asset_tags" VALUES(326,72,4);
INSERT INTO "content_asset_tags" VALUES(327,72,5);
INSERT INTO "content_asset_tags" VALUES(328,73,1);
INSERT INTO "content_asset_tags" VALUES(329,73,2);
INSERT INTO "content_asset_tags" VALUES(330,73,3);
INSERT INTO "content_asset_tags" VALUES(331,73,4);
INSERT INTO "content_asset_tags" VALUES(332,73,5);
INSERT INTO "content_asset_tags" VALUES(333,74,1);
INSERT INTO "content_asset_tags" VALUES(334,74,2);
INSERT INTO "content_asset_tags" VALUES(335,74,3);
INSERT INTO "content_asset_tags" VALUES(336,74,4);
INSERT INTO "content_asset_tags" VALUES(337,74,5);
INSERT INTO "content_asset_tags" VALUES(338,75,1);
INSERT INTO "content_asset_tags" VALUES(339,75,2);
INSERT INTO "content_asset_tags" VALUES(340,75,3);
INSERT INTO "content_asset_tags" VALUES(341,75,4);
INSERT INTO "content_asset_tags" VALUES(342,75,5);
INSERT INTO "content_asset_tags" VALUES(343,76,1);
INSERT INTO "content_asset_tags" VALUES(344,76,2);
INSERT INTO "content_asset_tags" VALUES(345,76,3);
INSERT INTO "content_asset_tags" VALUES(346,76,4);
INSERT INTO "content_asset_tags" VALUES(347,76,5);
INSERT INTO "content_asset_tags" VALUES(348,77,1);
INSERT INTO "content_asset_tags" VALUES(349,77,2);
INSERT INTO "content_asset_tags" VALUES(350,77,3);
INSERT INTO "content_asset_tags" VALUES(351,77,4);
INSERT INTO "content_asset_tags" VALUES(352,77,5);
INSERT INTO "content_asset_tags" VALUES(353,78,1);
INSERT INTO "content_asset_tags" VALUES(354,78,2);
INSERT INTO "content_asset_tags" VALUES(355,78,3);
INSERT INTO "content_asset_tags" VALUES(356,78,4);
INSERT INTO "content_asset_tags" VALUES(357,78,5);
INSERT INTO "content_asset_tags" VALUES(358,79,1);
INSERT INTO "content_asset_tags" VALUES(359,79,2);
INSERT INTO "content_asset_tags" VALUES(360,79,3);
INSERT INTO "content_asset_tags" VALUES(361,79,4);
INSERT INTO "content_asset_tags" VALUES(362,79,5);
INSERT INTO "content_asset_tags" VALUES(363,80,1);
INSERT INTO "content_asset_tags" VALUES(364,80,2);
INSERT INTO "content_asset_tags" VALUES(365,80,3);
INSERT INTO "content_asset_tags" VALUES(366,80,4);
INSERT INTO "content_asset_tags" VALUES(367,80,5);
INSERT INTO "content_asset_tags" VALUES(368,81,1);
INSERT INTO "content_asset_tags" VALUES(369,81,2);
INSERT INTO "content_asset_tags" VALUES(370,81,3);
INSERT INTO "content_asset_tags" VALUES(371,81,4);
INSERT INTO "content_asset_tags" VALUES(372,81,5);
INSERT INTO "content_asset_tags" VALUES(373,82,1);
INSERT INTO "content_asset_tags" VALUES(374,82,2);
INSERT INTO "content_asset_tags" VALUES(375,82,3);
INSERT INTO "content_asset_tags" VALUES(376,82,4);
INSERT INTO "content_asset_tags" VALUES(377,82,5);
INSERT INTO "content_asset_tags" VALUES(378,83,1);
INSERT INTO "content_asset_tags" VALUES(379,83,2);
INSERT INTO "content_asset_tags" VALUES(380,83,3);
INSERT INTO "content_asset_tags" VALUES(381,83,4);
INSERT INTO "content_asset_tags" VALUES(382,83,5);
INSERT INTO "content_asset_tags" VALUES(383,84,1);
INSERT INTO "content_asset_tags" VALUES(384,84,2);
INSERT INTO "content_asset_tags" VALUES(385,84,3);
INSERT INTO "content_asset_tags" VALUES(386,84,4);
INSERT INTO "content_asset_tags" VALUES(387,84,5);
INSERT INTO "content_asset_tags" VALUES(388,85,1);
INSERT INTO "content_asset_tags" VALUES(389,85,2);
INSERT INTO "content_asset_tags" VALUES(390,85,3);
INSERT INTO "content_asset_tags" VALUES(391,85,4);
INSERT INTO "content_asset_tags" VALUES(392,85,5);
INSERT INTO "content_asset_tags" VALUES(393,86,1);
INSERT INTO "content_asset_tags" VALUES(394,86,2);
INSERT INTO "content_asset_tags" VALUES(395,86,3);
INSERT INTO "content_asset_tags" VALUES(396,86,4);
INSERT INTO "content_asset_tags" VALUES(397,86,5);
INSERT INTO "content_asset_tags" VALUES(398,87,1);
INSERT INTO "content_asset_tags" VALUES(399,87,2);
INSERT INTO "content_asset_tags" VALUES(400,87,3);
INSERT INTO "content_asset_tags" VALUES(401,87,4);
INSERT INTO "content_asset_tags" VALUES(402,87,5);
INSERT INTO "content_asset_tags" VALUES(403,88,1);
INSERT INTO "content_asset_tags" VALUES(404,88,2);
INSERT INTO "content_asset_tags" VALUES(405,88,3);
INSERT INTO "content_asset_tags" VALUES(406,88,4);
INSERT INTO "content_asset_tags" VALUES(407,88,5);
INSERT INTO "content_asset_tags" VALUES(408,89,1);
INSERT INTO "content_asset_tags" VALUES(409,89,2);
INSERT INTO "content_asset_tags" VALUES(410,89,3);
INSERT INTO "content_asset_tags" VALUES(411,89,4);
INSERT INTO "content_asset_tags" VALUES(412,89,5);
INSERT INTO "content_asset_tags" VALUES(413,90,1);
INSERT INTO "content_asset_tags" VALUES(414,90,2);
INSERT INTO "content_asset_tags" VALUES(415,90,3);
INSERT INTO "content_asset_tags" VALUES(416,90,4);
INSERT INTO "content_asset_tags" VALUES(417,90,5);
INSERT INTO "content_asset_tags" VALUES(418,91,1);
INSERT INTO "content_asset_tags" VALUES(419,91,2);
INSERT INTO "content_asset_tags" VALUES(420,91,3);
INSERT INTO "content_asset_tags" VALUES(421,91,4);
INSERT INTO "content_asset_tags" VALUES(422,91,5);
INSERT INTO "content_asset_tags" VALUES(423,92,1);
INSERT INTO "content_asset_tags" VALUES(424,92,2);
INSERT INTO "content_asset_tags" VALUES(425,92,3);
INSERT INTO "content_asset_tags" VALUES(426,92,4);
INSERT INTO "content_asset_tags" VALUES(427,92,5);
INSERT INTO "content_asset_tags" VALUES(428,93,1);
INSERT INTO "content_asset_tags" VALUES(429,93,2);
INSERT INTO "content_asset_tags" VALUES(430,93,3);
INSERT INTO "content_asset_tags" VALUES(431,93,4);
INSERT INTO "content_asset_tags" VALUES(432,93,5);
INSERT INTO "content_asset_tags" VALUES(433,94,1);
INSERT INTO "content_asset_tags" VALUES(434,94,2);
INSERT INTO "content_asset_tags" VALUES(435,94,3);
INSERT INTO "content_asset_tags" VALUES(436,94,4);
INSERT INTO "content_asset_tags" VALUES(437,94,5);
INSERT INTO "content_asset_tags" VALUES(438,95,1);
INSERT INTO "content_asset_tags" VALUES(439,95,2);
INSERT INTO "content_asset_tags" VALUES(440,95,3);
INSERT INTO "content_asset_tags" VALUES(441,95,4);
INSERT INTO "content_asset_tags" VALUES(442,95,5);
INSERT INTO "content_asset_tags" VALUES(443,96,1);
INSERT INTO "content_asset_tags" VALUES(444,96,2);
INSERT INTO "content_asset_tags" VALUES(445,96,3);
INSERT INTO "content_asset_tags" VALUES(446,96,4);
INSERT INTO "content_asset_tags" VALUES(447,96,5);
INSERT INTO "content_asset_tags" VALUES(448,97,1);
INSERT INTO "content_asset_tags" VALUES(449,97,2);
INSERT INTO "content_asset_tags" VALUES(450,97,3);
INSERT INTO "content_asset_tags" VALUES(451,97,4);
INSERT INTO "content_asset_tags" VALUES(452,97,5);
INSERT INTO "content_asset_tags" VALUES(453,98,1);
INSERT INTO "content_asset_tags" VALUES(454,98,2);
INSERT INTO "content_asset_tags" VALUES(455,98,3);
INSERT INTO "content_asset_tags" VALUES(456,98,4);
INSERT INTO "content_asset_tags" VALUES(457,98,5);
INSERT INTO "content_asset_tags" VALUES(458,99,1);
INSERT INTO "content_asset_tags" VALUES(459,99,2);
INSERT INTO "content_asset_tags" VALUES(460,99,3);
INSERT INTO "content_asset_tags" VALUES(461,99,4);
INSERT INTO "content_asset_tags" VALUES(462,99,5);
INSERT INTO "content_asset_tags" VALUES(463,100,1);
INSERT INTO "content_asset_tags" VALUES(464,100,2);
INSERT INTO "content_asset_tags" VALUES(465,100,3);
INSERT INTO "content_asset_tags" VALUES(466,100,4);
INSERT INTO "content_asset_tags" VALUES(467,100,5);
INSERT INTO "content_asset_tags" VALUES(468,101,1);
INSERT INTO "content_asset_tags" VALUES(469,101,2);
INSERT INTO "content_asset_tags" VALUES(470,101,3);
INSERT INTO "content_asset_tags" VALUES(471,101,4);
INSERT INTO "content_asset_tags" VALUES(472,101,5);
INSERT INTO "content_asset_tags" VALUES(473,102,1);
INSERT INTO "content_asset_tags" VALUES(474,102,2);
INSERT INTO "content_asset_tags" VALUES(475,102,3);
INSERT INTO "content_asset_tags" VALUES(476,102,4);
INSERT INTO "content_asset_tags" VALUES(477,102,5);
INSERT INTO "content_asset_tags" VALUES(478,103,1);
INSERT INTO "content_asset_tags" VALUES(479,103,2);
INSERT INTO "content_asset_tags" VALUES(480,103,3);
INSERT INTO "content_asset_tags" VALUES(481,103,4);
INSERT INTO "content_asset_tags" VALUES(482,103,5);
INSERT INTO "content_asset_tags" VALUES(483,104,1);
INSERT INTO "content_asset_tags" VALUES(484,104,2);
INSERT INTO "content_asset_tags" VALUES(485,104,3);
INSERT INTO "content_asset_tags" VALUES(486,104,4);
INSERT INTO "content_asset_tags" VALUES(487,104,5);
INSERT INTO "content_asset_tags" VALUES(488,105,1);
INSERT INTO "content_asset_tags" VALUES(489,105,2);
INSERT INTO "content_asset_tags" VALUES(490,105,3);
INSERT INTO "content_asset_tags" VALUES(491,105,4);
INSERT INTO "content_asset_tags" VALUES(492,105,5);
INSERT INTO "content_asset_tags" VALUES(493,106,1);
INSERT INTO "content_asset_tags" VALUES(494,106,2);
INSERT INTO "content_asset_tags" VALUES(495,106,3);
INSERT INTO "content_asset_tags" VALUES(496,106,4);
INSERT INTO "content_asset_tags" VALUES(497,106,5);
INSERT INTO "content_asset_tags" VALUES(498,107,1);
INSERT INTO "content_asset_tags" VALUES(499,107,2);
INSERT INTO "content_asset_tags" VALUES(500,107,3);
INSERT INTO "content_asset_tags" VALUES(501,107,4);
INSERT INTO "content_asset_tags" VALUES(502,107,5);
INSERT INTO "content_asset_tags" VALUES(503,108,1);
INSERT INTO "content_asset_tags" VALUES(504,108,2);
INSERT INTO "content_asset_tags" VALUES(505,108,3);
INSERT INTO "content_asset_tags" VALUES(506,108,4);
INSERT INTO "content_asset_tags" VALUES(507,108,5);
INSERT INTO "content_asset_tags" VALUES(508,109,1);
INSERT INTO "content_asset_tags" VALUES(509,109,2);
INSERT INTO "content_asset_tags" VALUES(510,109,3);
INSERT INTO "content_asset_tags" VALUES(511,109,4);
INSERT INTO "content_asset_tags" VALUES(512,109,5);
INSERT INTO "content_asset_tags" VALUES(513,110,1);
INSERT INTO "content_asset_tags" VALUES(514,110,2);
INSERT INTO "content_asset_tags" VALUES(515,110,3);
INSERT INTO "content_asset_tags" VALUES(516,110,4);
INSERT INTO "content_asset_tags" VALUES(517,110,5);
INSERT INTO "content_asset_tags" VALUES(518,111,1);
INSERT INTO "content_asset_tags" VALUES(519,111,2);
INSERT INTO "content_asset_tags" VALUES(520,111,3);
INSERT INTO "content_asset_tags" VALUES(521,111,4);
INSERT INTO "content_asset_tags" VALUES(522,111,5);
INSERT INTO "content_asset_tags" VALUES(523,112,1);
INSERT INTO "content_asset_tags" VALUES(524,112,2);
INSERT INTO "content_asset_tags" VALUES(525,112,3);
INSERT INTO "content_asset_tags" VALUES(526,112,4);
INSERT INTO "content_asset_tags" VALUES(527,112,5);
INSERT INTO "content_asset_tags" VALUES(528,113,1);
INSERT INTO "content_asset_tags" VALUES(529,113,2);
INSERT INTO "content_asset_tags" VALUES(530,113,3);
INSERT INTO "content_asset_tags" VALUES(531,113,4);
INSERT INTO "content_asset_tags" VALUES(532,113,5);
INSERT INTO "content_asset_tags" VALUES(533,114,1);
INSERT INTO "content_asset_tags" VALUES(534,114,2);
INSERT INTO "content_asset_tags" VALUES(535,114,3);
INSERT INTO "content_asset_tags" VALUES(536,114,4);
INSERT INTO "content_asset_tags" VALUES(537,114,5);
INSERT INTO "content_asset_tags" VALUES(538,115,1);
INSERT INTO "content_asset_tags" VALUES(539,115,2);
INSERT INTO "content_asset_tags" VALUES(540,115,3);
INSERT INTO "content_asset_tags" VALUES(541,115,4);
INSERT INTO "content_asset_tags" VALUES(542,115,5);
INSERT INTO "content_asset_tags" VALUES(543,116,1);
INSERT INTO "content_asset_tags" VALUES(544,116,2);
INSERT INTO "content_asset_tags" VALUES(545,116,3);
INSERT INTO "content_asset_tags" VALUES(546,116,4);
INSERT INTO "content_asset_tags" VALUES(547,116,5);
INSERT INTO "content_asset_tags" VALUES(548,117,1);
INSERT INTO "content_asset_tags" VALUES(549,117,2);
INSERT INTO "content_asset_tags" VALUES(550,117,3);
INSERT INTO "content_asset_tags" VALUES(551,117,4);
INSERT INTO "content_asset_tags" VALUES(552,117,5);
INSERT INTO "content_asset_tags" VALUES(553,118,1);
INSERT INTO "content_asset_tags" VALUES(554,118,2);
INSERT INTO "content_asset_tags" VALUES(555,118,3);
INSERT INTO "content_asset_tags" VALUES(556,118,4);
INSERT INTO "content_asset_tags" VALUES(557,118,5);
INSERT INTO "content_asset_tags" VALUES(558,119,1);
INSERT INTO "content_asset_tags" VALUES(559,119,2);
INSERT INTO "content_asset_tags" VALUES(560,119,3);
INSERT INTO "content_asset_tags" VALUES(561,119,4);
INSERT INTO "content_asset_tags" VALUES(562,119,5);
INSERT INTO "content_asset_tags" VALUES(563,120,1);
INSERT INTO "content_asset_tags" VALUES(564,120,2);
INSERT INTO "content_asset_tags" VALUES(565,120,3);
INSERT INTO "content_asset_tags" VALUES(566,120,4);
INSERT INTO "content_asset_tags" VALUES(567,120,5);
INSERT INTO "content_asset_tags" VALUES(568,121,1);
INSERT INTO "content_asset_tags" VALUES(569,121,2);
INSERT INTO "content_asset_tags" VALUES(570,121,3);
INSERT INTO "content_asset_tags" VALUES(571,121,4);
INSERT INTO "content_asset_tags" VALUES(572,121,5);
INSERT INTO "content_asset_tags" VALUES(573,122,1);
INSERT INTO "content_asset_tags" VALUES(574,122,2);
INSERT INTO "content_asset_tags" VALUES(575,122,3);
INSERT INTO "content_asset_tags" VALUES(576,122,4);
INSERT INTO "content_asset_tags" VALUES(577,122,5);
INSERT INTO "content_asset_tags" VALUES(578,123,1);
INSERT INTO "content_asset_tags" VALUES(579,123,2);
INSERT INTO "content_asset_tags" VALUES(580,123,3);
INSERT INTO "content_asset_tags" VALUES(581,123,4);
INSERT INTO "content_asset_tags" VALUES(582,123,5);
INSERT INTO "content_asset_tags" VALUES(583,124,1);
INSERT INTO "content_asset_tags" VALUES(584,124,2);
INSERT INTO "content_asset_tags" VALUES(585,124,3);
INSERT INTO "content_asset_tags" VALUES(586,124,4);
INSERT INTO "content_asset_tags" VALUES(587,124,5);
INSERT INTO "content_asset_tags" VALUES(588,125,1);
INSERT INTO "content_asset_tags" VALUES(589,125,2);
INSERT INTO "content_asset_tags" VALUES(590,125,3);
INSERT INTO "content_asset_tags" VALUES(591,125,4);
INSERT INTO "content_asset_tags" VALUES(592,125,5);
INSERT INTO "content_asset_tags" VALUES(593,126,1);
INSERT INTO "content_asset_tags" VALUES(594,126,2);
INSERT INTO "content_asset_tags" VALUES(595,126,3);
INSERT INTO "content_asset_tags" VALUES(596,126,4);
INSERT INTO "content_asset_tags" VALUES(597,126,5);
INSERT INTO "content_asset_tags" VALUES(598,127,1);
INSERT INTO "content_asset_tags" VALUES(599,127,2);
INSERT INTO "content_asset_tags" VALUES(600,127,3);
INSERT INTO "content_asset_tags" VALUES(601,127,4);
INSERT INTO "content_asset_tags" VALUES(602,127,5);
INSERT INTO "content_asset_tags" VALUES(603,128,1);
INSERT INTO "content_asset_tags" VALUES(604,128,2);
INSERT INTO "content_asset_tags" VALUES(605,128,3);
INSERT INTO "content_asset_tags" VALUES(606,128,4);
INSERT INTO "content_asset_tags" VALUES(607,128,5);
INSERT INTO "content_asset_tags" VALUES(608,129,1);
INSERT INTO "content_asset_tags" VALUES(609,129,2);
INSERT INTO "content_asset_tags" VALUES(610,129,3);
INSERT INTO "content_asset_tags" VALUES(611,129,4);
INSERT INTO "content_asset_tags" VALUES(612,129,5);
INSERT INTO "content_asset_tags" VALUES(613,130,1);
INSERT INTO "content_asset_tags" VALUES(614,130,2);
INSERT INTO "content_asset_tags" VALUES(615,130,3);
INSERT INTO "content_asset_tags" VALUES(616,130,4);
INSERT INTO "content_asset_tags" VALUES(617,130,5);
INSERT INTO "content_asset_tags" VALUES(618,131,1);
INSERT INTO "content_asset_tags" VALUES(619,131,2);
INSERT INTO "content_asset_tags" VALUES(620,131,3);
INSERT INTO "content_asset_tags" VALUES(621,131,4);
INSERT INTO "content_asset_tags" VALUES(622,131,5);
INSERT INTO "content_asset_tags" VALUES(623,132,1);
INSERT INTO "content_asset_tags" VALUES(624,132,2);
INSERT INTO "content_asset_tags" VALUES(625,132,3);
INSERT INTO "content_asset_tags" VALUES(626,132,4);
INSERT INTO "content_asset_tags" VALUES(627,132,5);
INSERT INTO "content_asset_tags" VALUES(628,133,1);
INSERT INTO "content_asset_tags" VALUES(629,133,2);
INSERT INTO "content_asset_tags" VALUES(630,133,3);
INSERT INTO "content_asset_tags" VALUES(631,133,4);
INSERT INTO "content_asset_tags" VALUES(632,133,5);
INSERT INTO "content_asset_tags" VALUES(633,134,1);
INSERT INTO "content_asset_tags" VALUES(634,134,2);
INSERT INTO "content_asset_tags" VALUES(635,134,3);
INSERT INTO "content_asset_tags" VALUES(636,134,4);
INSERT INTO "content_asset_tags" VALUES(637,134,5);
INSERT INTO "content_asset_tags" VALUES(638,135,1);
INSERT INTO "content_asset_tags" VALUES(639,135,2);
INSERT INTO "content_asset_tags" VALUES(640,135,3);
INSERT INTO "content_asset_tags" VALUES(641,135,4);
INSERT INTO "content_asset_tags" VALUES(642,135,5);
INSERT INTO "content_asset_tags" VALUES(643,136,1);
INSERT INTO "content_asset_tags" VALUES(644,136,2);
INSERT INTO "content_asset_tags" VALUES(645,136,3);
INSERT INTO "content_asset_tags" VALUES(646,136,4);
INSERT INTO "content_asset_tags" VALUES(647,136,5);
INSERT INTO "content_asset_tags" VALUES(648,137,1);
INSERT INTO "content_asset_tags" VALUES(649,137,2);
INSERT INTO "content_asset_tags" VALUES(650,137,3);
INSERT INTO "content_asset_tags" VALUES(651,137,4);
INSERT INTO "content_asset_tags" VALUES(652,137,5);
INSERT INTO "content_asset_tags" VALUES(653,138,1);
INSERT INTO "content_asset_tags" VALUES(654,138,2);
INSERT INTO "content_asset_tags" VALUES(655,138,3);
INSERT INTO "content_asset_tags" VALUES(656,138,4);
INSERT INTO "content_asset_tags" VALUES(657,138,5);
INSERT INTO "content_asset_tags" VALUES(658,139,1);
INSERT INTO "content_asset_tags" VALUES(659,139,2);
INSERT INTO "content_asset_tags" VALUES(660,139,3);
INSERT INTO "content_asset_tags" VALUES(661,139,4);
INSERT INTO "content_asset_tags" VALUES(662,139,5);
INSERT INTO "content_asset_tags" VALUES(663,140,1);
INSERT INTO "content_asset_tags" VALUES(664,140,2);
INSERT INTO "content_asset_tags" VALUES(665,140,3);
INSERT INTO "content_asset_tags" VALUES(666,140,4);
INSERT INTO "content_asset_tags" VALUES(667,140,5);
INSERT INTO "content_asset_tags" VALUES(668,141,1);
INSERT INTO "content_asset_tags" VALUES(669,141,2);
INSERT INTO "content_asset_tags" VALUES(670,141,3);
INSERT INTO "content_asset_tags" VALUES(671,141,4);
INSERT INTO "content_asset_tags" VALUES(672,141,5);
INSERT INTO "content_asset_tags" VALUES(673,142,1);
INSERT INTO "content_asset_tags" VALUES(674,142,2);
INSERT INTO "content_asset_tags" VALUES(675,142,3);
INSERT INTO "content_asset_tags" VALUES(676,142,4);
INSERT INTO "content_asset_tags" VALUES(677,142,5);
INSERT INTO "content_asset_tags" VALUES(678,143,1);
INSERT INTO "content_asset_tags" VALUES(679,143,2);
INSERT INTO "content_asset_tags" VALUES(680,143,3);
INSERT INTO "content_asset_tags" VALUES(681,143,4);
INSERT INTO "content_asset_tags" VALUES(682,143,5);
INSERT INTO "content_asset_tags" VALUES(683,144,1);
INSERT INTO "content_asset_tags" VALUES(684,144,2);
INSERT INTO "content_asset_tags" VALUES(685,144,3);
INSERT INTO "content_asset_tags" VALUES(686,144,4);
INSERT INTO "content_asset_tags" VALUES(687,144,5);
INSERT INTO "content_asset_tags" VALUES(688,145,1);
INSERT INTO "content_asset_tags" VALUES(689,145,2);
INSERT INTO "content_asset_tags" VALUES(690,145,3);
INSERT INTO "content_asset_tags" VALUES(691,145,4);
INSERT INTO "content_asset_tags" VALUES(692,145,5);
INSERT INTO "content_asset_tags" VALUES(693,146,1);
INSERT INTO "content_asset_tags" VALUES(694,146,2);
INSERT INTO "content_asset_tags" VALUES(695,146,3);
INSERT INTO "content_asset_tags" VALUES(696,146,4);
INSERT INTO "content_asset_tags" VALUES(697,146,5);
INSERT INTO "content_asset_tags" VALUES(698,147,1);
INSERT INTO "content_asset_tags" VALUES(699,147,2);
INSERT INTO "content_asset_tags" VALUES(700,147,3);
INSERT INTO "content_asset_tags" VALUES(701,147,4);
INSERT INTO "content_asset_tags" VALUES(702,147,5);
INSERT INTO "content_asset_tags" VALUES(703,148,1);
INSERT INTO "content_asset_tags" VALUES(704,148,2);
INSERT INTO "content_asset_tags" VALUES(705,148,3);
INSERT INTO "content_asset_tags" VALUES(706,148,4);
INSERT INTO "content_asset_tags" VALUES(707,148,5);
INSERT INTO "content_asset_tags" VALUES(708,149,1);
INSERT INTO "content_asset_tags" VALUES(709,149,2);
INSERT INTO "content_asset_tags" VALUES(710,149,3);
INSERT INTO "content_asset_tags" VALUES(711,149,4);
INSERT INTO "content_asset_tags" VALUES(712,149,5);
INSERT INTO "content_asset_tags" VALUES(713,150,1);
INSERT INTO "content_asset_tags" VALUES(714,150,2);
INSERT INTO "content_asset_tags" VALUES(715,150,3);
INSERT INTO "content_asset_tags" VALUES(716,150,4);
INSERT INTO "content_asset_tags" VALUES(717,150,5);
INSERT INTO "content_asset_tags" VALUES(718,151,1);
INSERT INTO "content_asset_tags" VALUES(719,151,2);
INSERT INTO "content_asset_tags" VALUES(720,151,3);
INSERT INTO "content_asset_tags" VALUES(721,151,4);
INSERT INTO "content_asset_tags" VALUES(722,151,5);
INSERT INTO "content_asset_tags" VALUES(723,152,1);
INSERT INTO "content_asset_tags" VALUES(724,152,2);
INSERT INTO "content_asset_tags" VALUES(725,152,3);
INSERT INTO "content_asset_tags" VALUES(726,152,4);
INSERT INTO "content_asset_tags" VALUES(727,152,5);
INSERT INTO "content_asset_tags" VALUES(728,153,1);
INSERT INTO "content_asset_tags" VALUES(729,153,2);
INSERT INTO "content_asset_tags" VALUES(730,153,3);
INSERT INTO "content_asset_tags" VALUES(731,153,4);
INSERT INTO "content_asset_tags" VALUES(732,153,5);
INSERT INTO "content_asset_tags" VALUES(733,154,1);
INSERT INTO "content_asset_tags" VALUES(734,154,2);
INSERT INTO "content_asset_tags" VALUES(735,154,3);
INSERT INTO "content_asset_tags" VALUES(736,154,4);
INSERT INTO "content_asset_tags" VALUES(737,154,5);
INSERT INTO "content_asset_tags" VALUES(738,155,1);
INSERT INTO "content_asset_tags" VALUES(739,155,2);
INSERT INTO "content_asset_tags" VALUES(740,155,3);
INSERT INTO "content_asset_tags" VALUES(741,155,4);
INSERT INTO "content_asset_tags" VALUES(742,155,5);
INSERT INTO "content_asset_tags" VALUES(743,156,1);
INSERT INTO "content_asset_tags" VALUES(744,156,2);
INSERT INTO "content_asset_tags" VALUES(745,156,3);
INSERT INTO "content_asset_tags" VALUES(746,156,4);
INSERT INTO "content_asset_tags" VALUES(747,156,5);
INSERT INTO "content_asset_tags" VALUES(748,157,1);
INSERT INTO "content_asset_tags" VALUES(749,157,2);
INSERT INTO "content_asset_tags" VALUES(750,157,3);
INSERT INTO "content_asset_tags" VALUES(751,157,4);
INSERT INTO "content_asset_tags" VALUES(752,157,5);
INSERT INTO "content_asset_tags" VALUES(753,158,1);
INSERT INTO "content_asset_tags" VALUES(754,158,2);
INSERT INTO "content_asset_tags" VALUES(755,158,3);
INSERT INTO "content_asset_tags" VALUES(756,158,4);
INSERT INTO "content_asset_tags" VALUES(757,158,5);
INSERT INTO "content_asset_tags" VALUES(758,159,1);
INSERT INTO "content_asset_tags" VALUES(759,159,2);
INSERT INTO "content_asset_tags" VALUES(760,159,3);
INSERT INTO "content_asset_tags" VALUES(761,159,4);
INSERT INTO "content_asset_tags" VALUES(762,159,5);
INSERT INTO "content_asset_tags" VALUES(763,160,1);
INSERT INTO "content_asset_tags" VALUES(764,160,2);
INSERT INTO "content_asset_tags" VALUES(765,160,3);
INSERT INTO "content_asset_tags" VALUES(766,160,4);
INSERT INTO "content_asset_tags" VALUES(767,160,5);
INSERT INTO "content_asset_tags" VALUES(768,161,1);
INSERT INTO "content_asset_tags" VALUES(769,161,2);
INSERT INTO "content_asset_tags" VALUES(770,161,3);
INSERT INTO "content_asset_tags" VALUES(771,161,4);
INSERT INTO "content_asset_tags" VALUES(772,161,5);
INSERT INTO "content_asset_tags" VALUES(773,162,1);
INSERT INTO "content_asset_tags" VALUES(774,162,2);
INSERT INTO "content_asset_tags" VALUES(775,162,3);
INSERT INTO "content_asset_tags" VALUES(776,162,4);
INSERT INTO "content_asset_tags" VALUES(777,162,5);
INSERT INTO "content_asset_tags" VALUES(778,163,1);
INSERT INTO "content_asset_tags" VALUES(779,163,2);
INSERT INTO "content_asset_tags" VALUES(780,163,3);
INSERT INTO "content_asset_tags" VALUES(781,163,4);
INSERT INTO "content_asset_tags" VALUES(782,163,5);
INSERT INTO "content_asset_tags" VALUES(783,164,1);
INSERT INTO "content_asset_tags" VALUES(784,164,2);
INSERT INTO "content_asset_tags" VALUES(785,164,3);
INSERT INTO "content_asset_tags" VALUES(786,164,4);
INSERT INTO "content_asset_tags" VALUES(787,164,5);
INSERT INTO "content_asset_tags" VALUES(788,165,1);
INSERT INTO "content_asset_tags" VALUES(789,165,2);
INSERT INTO "content_asset_tags" VALUES(790,165,3);
INSERT INTO "content_asset_tags" VALUES(791,165,4);
INSERT INTO "content_asset_tags" VALUES(792,165,5);
INSERT INTO "content_asset_tags" VALUES(793,166,1);
INSERT INTO "content_asset_tags" VALUES(794,166,2);
INSERT INTO "content_asset_tags" VALUES(795,166,3);
INSERT INTO "content_asset_tags" VALUES(796,166,4);
INSERT INTO "content_asset_tags" VALUES(797,166,5);
INSERT INTO "content_asset_tags" VALUES(798,167,1);
INSERT INTO "content_asset_tags" VALUES(799,167,2);
INSERT INTO "content_asset_tags" VALUES(800,167,3);
INSERT INTO "content_asset_tags" VALUES(801,167,4);
INSERT INTO "content_asset_tags" VALUES(802,167,5);
INSERT INTO "content_asset_tags" VALUES(803,168,1);
INSERT INTO "content_asset_tags" VALUES(804,168,2);
INSERT INTO "content_asset_tags" VALUES(805,168,3);
INSERT INTO "content_asset_tags" VALUES(806,168,4);
INSERT INTO "content_asset_tags" VALUES(807,168,5);
INSERT INTO "content_asset_tags" VALUES(808,169,1);
INSERT INTO "content_asset_tags" VALUES(809,169,2);
INSERT INTO "content_asset_tags" VALUES(810,169,3);
INSERT INTO "content_asset_tags" VALUES(811,169,4);
INSERT INTO "content_asset_tags" VALUES(812,169,5);
INSERT INTO "content_asset_tags" VALUES(813,170,1);
INSERT INTO "content_asset_tags" VALUES(814,170,2);
INSERT INTO "content_asset_tags" VALUES(815,170,3);
INSERT INTO "content_asset_tags" VALUES(816,170,4);
INSERT INTO "content_asset_tags" VALUES(817,170,5);
INSERT INTO "content_asset_tags" VALUES(818,171,1);
INSERT INTO "content_asset_tags" VALUES(819,171,2);
INSERT INTO "content_asset_tags" VALUES(820,171,3);
INSERT INTO "content_asset_tags" VALUES(821,171,4);
INSERT INTO "content_asset_tags" VALUES(822,171,5);
INSERT INTO "content_asset_tags" VALUES(823,172,1);
INSERT INTO "content_asset_tags" VALUES(824,172,2);
INSERT INTO "content_asset_tags" VALUES(825,172,3);
INSERT INTO "content_asset_tags" VALUES(826,172,4);
INSERT INTO "content_asset_tags" VALUES(827,172,5);
INSERT INTO "content_asset_tags" VALUES(828,173,1);
INSERT INTO "content_asset_tags" VALUES(829,173,2);
INSERT INTO "content_asset_tags" VALUES(830,173,3);
INSERT INTO "content_asset_tags" VALUES(831,173,4);
INSERT INTO "content_asset_tags" VALUES(832,173,5);
INSERT INTO "content_asset_tags" VALUES(833,174,1);
INSERT INTO "content_asset_tags" VALUES(834,174,2);
INSERT INTO "content_asset_tags" VALUES(835,174,3);
INSERT INTO "content_asset_tags" VALUES(836,174,4);
INSERT INTO "content_asset_tags" VALUES(837,174,5);
INSERT INTO "content_asset_tags" VALUES(838,175,1);
INSERT INTO "content_asset_tags" VALUES(839,175,2);
INSERT INTO "content_asset_tags" VALUES(840,175,3);
INSERT INTO "content_asset_tags" VALUES(841,175,4);
INSERT INTO "content_asset_tags" VALUES(842,175,5);
INSERT INTO "content_asset_tags" VALUES(843,176,1);
INSERT INTO "content_asset_tags" VALUES(844,176,2);
INSERT INTO "content_asset_tags" VALUES(845,176,3);
INSERT INTO "content_asset_tags" VALUES(846,176,4);
INSERT INTO "content_asset_tags" VALUES(847,176,5);
INSERT INTO "content_asset_tags" VALUES(848,177,1);
INSERT INTO "content_asset_tags" VALUES(849,177,2);
INSERT INTO "content_asset_tags" VALUES(850,177,3);
INSERT INTO "content_asset_tags" VALUES(851,177,4);
INSERT INTO "content_asset_tags" VALUES(852,177,5);
INSERT INTO "content_asset_tags" VALUES(853,178,1);
INSERT INTO "content_asset_tags" VALUES(854,178,2);
INSERT INTO "content_asset_tags" VALUES(855,178,3);
INSERT INTO "content_asset_tags" VALUES(856,178,4);
INSERT INTO "content_asset_tags" VALUES(857,178,5);
INSERT INTO "content_asset_tags" VALUES(858,179,1);
INSERT INTO "content_asset_tags" VALUES(859,179,2);
INSERT INTO "content_asset_tags" VALUES(860,179,3);
INSERT INTO "content_asset_tags" VALUES(861,179,4);
INSERT INTO "content_asset_tags" VALUES(862,179,5);
INSERT INTO "content_asset_tags" VALUES(863,180,1);
INSERT INTO "content_asset_tags" VALUES(864,180,2);
INSERT INTO "content_asset_tags" VALUES(865,180,3);
INSERT INTO "content_asset_tags" VALUES(866,180,4);
INSERT INTO "content_asset_tags" VALUES(867,180,5);
INSERT INTO "content_asset_tags" VALUES(868,181,1);
INSERT INTO "content_asset_tags" VALUES(869,181,2);
INSERT INTO "content_asset_tags" VALUES(870,181,3);
INSERT INTO "content_asset_tags" VALUES(871,181,4);
INSERT INTO "content_asset_tags" VALUES(872,181,5);
INSERT INTO "content_asset_tags" VALUES(873,182,1);
INSERT INTO "content_asset_tags" VALUES(874,182,2);
INSERT INTO "content_asset_tags" VALUES(875,182,3);
INSERT INTO "content_asset_tags" VALUES(876,182,4);
INSERT INTO "content_asset_tags" VALUES(877,182,5);
INSERT INTO "content_asset_tags" VALUES(878,183,1);
INSERT INTO "content_asset_tags" VALUES(879,183,2);
INSERT INTO "content_asset_tags" VALUES(880,183,3);
INSERT INTO "content_asset_tags" VALUES(881,183,4);
INSERT INTO "content_asset_tags" VALUES(882,183,5);
INSERT INTO "content_asset_tags" VALUES(883,184,1);
INSERT INTO "content_asset_tags" VALUES(884,184,2);
INSERT INTO "content_asset_tags" VALUES(885,184,3);
INSERT INTO "content_asset_tags" VALUES(886,184,4);
INSERT INTO "content_asset_tags" VALUES(887,184,5);
INSERT INTO "content_asset_tags" VALUES(888,185,1);
INSERT INTO "content_asset_tags" VALUES(889,185,2);
INSERT INTO "content_asset_tags" VALUES(890,185,3);
INSERT INTO "content_asset_tags" VALUES(891,185,4);
INSERT INTO "content_asset_tags" VALUES(892,185,5);
INSERT INTO "content_asset_tags" VALUES(893,186,1);
INSERT INTO "content_asset_tags" VALUES(894,186,2);
INSERT INTO "content_asset_tags" VALUES(895,186,3);
INSERT INTO "content_asset_tags" VALUES(896,186,4);
INSERT INTO "content_asset_tags" VALUES(897,186,5);
INSERT INTO "content_asset_tags" VALUES(898,187,1);
INSERT INTO "content_asset_tags" VALUES(899,187,2);
INSERT INTO "content_asset_tags" VALUES(900,187,3);
INSERT INTO "content_asset_tags" VALUES(901,187,4);
INSERT INTO "content_asset_tags" VALUES(902,187,5);
INSERT INTO "content_asset_tags" VALUES(903,188,1);
INSERT INTO "content_asset_tags" VALUES(904,188,2);
INSERT INTO "content_asset_tags" VALUES(905,188,3);
INSERT INTO "content_asset_tags" VALUES(906,188,4);
INSERT INTO "content_asset_tags" VALUES(907,188,5);
INSERT INTO "content_asset_tags" VALUES(908,189,1);
INSERT INTO "content_asset_tags" VALUES(909,189,2);
INSERT INTO "content_asset_tags" VALUES(910,189,3);
INSERT INTO "content_asset_tags" VALUES(911,189,4);
INSERT INTO "content_asset_tags" VALUES(912,189,5);
INSERT INTO "content_asset_tags" VALUES(913,190,1);
INSERT INTO "content_asset_tags" VALUES(914,190,2);
INSERT INTO "content_asset_tags" VALUES(915,190,3);
INSERT INTO "content_asset_tags" VALUES(916,190,4);
INSERT INTO "content_asset_tags" VALUES(917,190,5);
INSERT INTO "content_asset_tags" VALUES(918,191,1);
INSERT INTO "content_asset_tags" VALUES(919,191,2);
INSERT INTO "content_asset_tags" VALUES(920,191,3);
INSERT INTO "content_asset_tags" VALUES(921,191,4);
INSERT INTO "content_asset_tags" VALUES(922,191,5);
INSERT INTO "content_asset_tags" VALUES(923,192,1);
INSERT INTO "content_asset_tags" VALUES(924,192,2);
INSERT INTO "content_asset_tags" VALUES(925,192,3);
INSERT INTO "content_asset_tags" VALUES(926,192,4);
INSERT INTO "content_asset_tags" VALUES(927,192,5);
INSERT INTO "content_asset_tags" VALUES(928,193,1);
INSERT INTO "content_asset_tags" VALUES(929,193,2);
INSERT INTO "content_asset_tags" VALUES(930,193,3);
INSERT INTO "content_asset_tags" VALUES(931,193,4);
INSERT INTO "content_asset_tags" VALUES(932,193,5);
INSERT INTO "content_asset_tags" VALUES(933,194,1);
INSERT INTO "content_asset_tags" VALUES(934,194,2);
INSERT INTO "content_asset_tags" VALUES(935,194,3);
INSERT INTO "content_asset_tags" VALUES(936,194,4);
INSERT INTO "content_asset_tags" VALUES(937,194,5);
INSERT INTO "content_asset_tags" VALUES(938,195,1);
INSERT INTO "content_asset_tags" VALUES(939,195,2);
INSERT INTO "content_asset_tags" VALUES(940,195,3);
INSERT INTO "content_asset_tags" VALUES(941,195,4);
INSERT INTO "content_asset_tags" VALUES(942,195,5);
INSERT INTO "content_asset_tags" VALUES(943,196,1);
INSERT INTO "content_asset_tags" VALUES(944,196,2);
INSERT INTO "content_asset_tags" VALUES(945,196,3);
INSERT INTO "content_asset_tags" VALUES(946,196,4);
INSERT INTO "content_asset_tags" VALUES(947,196,5);
INSERT INTO "content_asset_tags" VALUES(948,197,1);
INSERT INTO "content_asset_tags" VALUES(949,197,2);
INSERT INTO "content_asset_tags" VALUES(950,197,3);
INSERT INTO "content_asset_tags" VALUES(951,197,4);
INSERT INTO "content_asset_tags" VALUES(952,197,5);
INSERT INTO "content_asset_tags" VALUES(953,198,1);
INSERT INTO "content_asset_tags" VALUES(954,198,2);
INSERT INTO "content_asset_tags" VALUES(955,198,3);
INSERT INTO "content_asset_tags" VALUES(956,198,4);
INSERT INTO "content_asset_tags" VALUES(957,198,5);
INSERT INTO "content_asset_tags" VALUES(958,199,1);
INSERT INTO "content_asset_tags" VALUES(959,199,2);
INSERT INTO "content_asset_tags" VALUES(960,199,3);
INSERT INTO "content_asset_tags" VALUES(961,199,4);
INSERT INTO "content_asset_tags" VALUES(962,199,5);
INSERT INTO "content_asset_tags" VALUES(963,200,1);
INSERT INTO "content_asset_tags" VALUES(964,200,2);
INSERT INTO "content_asset_tags" VALUES(965,200,3);
INSERT INTO "content_asset_tags" VALUES(966,200,4);
INSERT INTO "content_asset_tags" VALUES(967,200,5);
INSERT INTO "content_asset_tags" VALUES(968,201,1);
INSERT INTO "content_asset_tags" VALUES(969,201,2);
INSERT INTO "content_asset_tags" VALUES(970,201,3);
INSERT INTO "content_asset_tags" VALUES(971,201,4);
INSERT INTO "content_asset_tags" VALUES(972,201,5);
INSERT INTO "content_asset_tags" VALUES(973,202,1);
INSERT INTO "content_asset_tags" VALUES(974,202,2);
INSERT INTO "content_asset_tags" VALUES(975,202,3);
INSERT INTO "content_asset_tags" VALUES(976,202,4);
INSERT INTO "content_asset_tags" VALUES(977,202,5);
INSERT INTO "content_asset_tags" VALUES(978,203,1);
INSERT INTO "content_asset_tags" VALUES(979,203,2);
INSERT INTO "content_asset_tags" VALUES(980,203,3);
INSERT INTO "content_asset_tags" VALUES(981,203,4);
INSERT INTO "content_asset_tags" VALUES(982,203,5);
INSERT INTO "content_asset_tags" VALUES(983,204,1);
INSERT INTO "content_asset_tags" VALUES(984,204,2);
INSERT INTO "content_asset_tags" VALUES(985,204,3);
INSERT INTO "content_asset_tags" VALUES(986,204,4);
INSERT INTO "content_asset_tags" VALUES(987,204,5);
INSERT INTO "content_asset_tags" VALUES(988,205,1);
INSERT INTO "content_asset_tags" VALUES(989,205,2);
INSERT INTO "content_asset_tags" VALUES(990,205,3);
INSERT INTO "content_asset_tags" VALUES(991,205,4);
INSERT INTO "content_asset_tags" VALUES(992,205,5);
INSERT INTO "content_asset_tags" VALUES(993,206,1);
INSERT INTO "content_asset_tags" VALUES(994,206,2);
INSERT INTO "content_asset_tags" VALUES(995,206,3);
INSERT INTO "content_asset_tags" VALUES(996,206,4);
INSERT INTO "content_asset_tags" VALUES(997,206,5);
INSERT INTO "content_asset_tags" VALUES(998,207,1);
INSERT INTO "content_asset_tags" VALUES(999,207,2);
INSERT INTO "content_asset_tags" VALUES(1000,207,3);
INSERT INTO "content_asset_tags" VALUES(1001,207,4);
INSERT INTO "content_asset_tags" VALUES(1002,207,5);
INSERT INTO "content_asset_tags" VALUES(1003,208,1);
INSERT INTO "content_asset_tags" VALUES(1004,208,2);
INSERT INTO "content_asset_tags" VALUES(1005,208,3);
INSERT INTO "content_asset_tags" VALUES(1006,208,4);
INSERT INTO "content_asset_tags" VALUES(1007,208,5);
INSERT INTO "content_asset_tags" VALUES(1008,209,1);
INSERT INTO "content_asset_tags" VALUES(1009,209,2);
INSERT INTO "content_asset_tags" VALUES(1010,209,3);
INSERT INTO "content_asset_tags" VALUES(1011,209,4);
INSERT INTO "content_asset_tags" VALUES(1012,209,5);
INSERT INTO "content_asset_tags" VALUES(1013,210,1);
INSERT INTO "content_asset_tags" VALUES(1014,210,2);
INSERT INTO "content_asset_tags" VALUES(1015,210,3);
INSERT INTO "content_asset_tags" VALUES(1016,210,4);
INSERT INTO "content_asset_tags" VALUES(1017,210,5);
INSERT INTO "content_asset_tags" VALUES(1018,211,1);
INSERT INTO "content_asset_tags" VALUES(1019,211,2);
INSERT INTO "content_asset_tags" VALUES(1020,211,3);
INSERT INTO "content_asset_tags" VALUES(1021,211,4);
INSERT INTO "content_asset_tags" VALUES(1022,211,5);
INSERT INTO "content_asset_tags" VALUES(1023,212,1);
INSERT INTO "content_asset_tags" VALUES(1024,212,2);
INSERT INTO "content_asset_tags" VALUES(1025,212,3);
INSERT INTO "content_asset_tags" VALUES(1026,212,4);
INSERT INTO "content_asset_tags" VALUES(1027,212,5);
INSERT INTO "content_asset_tags" VALUES(1028,213,1);
INSERT INTO "content_asset_tags" VALUES(1029,213,2);
INSERT INTO "content_asset_tags" VALUES(1030,213,3);
INSERT INTO "content_asset_tags" VALUES(1031,213,4);
INSERT INTO "content_asset_tags" VALUES(1032,213,5);
INSERT INTO "content_asset_tags" VALUES(1033,214,1);
INSERT INTO "content_asset_tags" VALUES(1034,214,2);
INSERT INTO "content_asset_tags" VALUES(1035,214,3);
INSERT INTO "content_asset_tags" VALUES(1036,214,4);
INSERT INTO "content_asset_tags" VALUES(1037,214,5);
INSERT INTO "content_asset_tags" VALUES(1038,215,1);
INSERT INTO "content_asset_tags" VALUES(1039,215,2);
INSERT INTO "content_asset_tags" VALUES(1040,215,3);
INSERT INTO "content_asset_tags" VALUES(1041,215,4);
INSERT INTO "content_asset_tags" VALUES(1042,215,5);
INSERT INTO "content_asset_tags" VALUES(1043,216,1);
INSERT INTO "content_asset_tags" VALUES(1044,216,2);
INSERT INTO "content_asset_tags" VALUES(1045,216,3);
INSERT INTO "content_asset_tags" VALUES(1046,216,4);
INSERT INTO "content_asset_tags" VALUES(1047,216,5);
INSERT INTO "content_asset_tags" VALUES(1048,217,1);
INSERT INTO "content_asset_tags" VALUES(1049,217,2);
INSERT INTO "content_asset_tags" VALUES(1050,217,3);
INSERT INTO "content_asset_tags" VALUES(1051,217,4);
INSERT INTO "content_asset_tags" VALUES(1052,217,5);
INSERT INTO "content_asset_tags" VALUES(1053,218,1);
INSERT INTO "content_asset_tags" VALUES(1054,218,2);
INSERT INTO "content_asset_tags" VALUES(1055,218,3);
INSERT INTO "content_asset_tags" VALUES(1056,218,4);
INSERT INTO "content_asset_tags" VALUES(1057,218,5);
INSERT INTO "content_asset_tags" VALUES(1058,219,1);
INSERT INTO "content_asset_tags" VALUES(1059,219,2);
INSERT INTO "content_asset_tags" VALUES(1060,219,3);
INSERT INTO "content_asset_tags" VALUES(1061,219,4);
INSERT INTO "content_asset_tags" VALUES(1062,219,5);
INSERT INTO "content_asset_tags" VALUES(1063,220,1);
INSERT INTO "content_asset_tags" VALUES(1064,220,2);
INSERT INTO "content_asset_tags" VALUES(1065,220,3);
INSERT INTO "content_asset_tags" VALUES(1066,220,4);
INSERT INTO "content_asset_tags" VALUES(1067,220,5);
INSERT INTO "content_asset_tags" VALUES(1068,221,1);
INSERT INTO "content_asset_tags" VALUES(1069,221,2);
INSERT INTO "content_asset_tags" VALUES(1070,221,3);
INSERT INTO "content_asset_tags" VALUES(1071,221,4);
INSERT INTO "content_asset_tags" VALUES(1072,221,5);
INSERT INTO "content_asset_tags" VALUES(1073,222,1);
INSERT INTO "content_asset_tags" VALUES(1074,222,2);
INSERT INTO "content_asset_tags" VALUES(1075,222,3);
INSERT INTO "content_asset_tags" VALUES(1076,222,4);
INSERT INTO "content_asset_tags" VALUES(1077,222,5);
INSERT INTO "content_asset_tags" VALUES(1078,223,1);
INSERT INTO "content_asset_tags" VALUES(1079,223,2);
INSERT INTO "content_asset_tags" VALUES(1080,223,3);
INSERT INTO "content_asset_tags" VALUES(1081,223,4);
INSERT INTO "content_asset_tags" VALUES(1082,223,5);
INSERT INTO "content_asset_tags" VALUES(1083,224,1);
INSERT INTO "content_asset_tags" VALUES(1084,224,2);
INSERT INTO "content_asset_tags" VALUES(1085,224,3);
INSERT INTO "content_asset_tags" VALUES(1086,224,4);
INSERT INTO "content_asset_tags" VALUES(1087,224,5);
INSERT INTO "content_asset_tags" VALUES(1088,225,1);
INSERT INTO "content_asset_tags" VALUES(1089,225,2);
INSERT INTO "content_asset_tags" VALUES(1090,225,3);
INSERT INTO "content_asset_tags" VALUES(1091,225,4);
INSERT INTO "content_asset_tags" VALUES(1092,225,5);
INSERT INTO "content_asset_tags" VALUES(1093,226,1);
INSERT INTO "content_asset_tags" VALUES(1094,226,2);
INSERT INTO "content_asset_tags" VALUES(1095,226,3);
INSERT INTO "content_asset_tags" VALUES(1096,226,4);
INSERT INTO "content_asset_tags" VALUES(1097,226,5);
INSERT INTO "content_asset_tags" VALUES(1098,227,1);
INSERT INTO "content_asset_tags" VALUES(1099,227,2);
INSERT INTO "content_asset_tags" VALUES(1100,227,3);
INSERT INTO "content_asset_tags" VALUES(1101,227,4);
INSERT INTO "content_asset_tags" VALUES(1102,227,5);
INSERT INTO "content_asset_tags" VALUES(1103,228,1);
INSERT INTO "content_asset_tags" VALUES(1104,228,2);
INSERT INTO "content_asset_tags" VALUES(1105,228,3);
INSERT INTO "content_asset_tags" VALUES(1106,228,4);
INSERT INTO "content_asset_tags" VALUES(1107,228,5);
INSERT INTO "content_asset_tags" VALUES(1108,229,1);
INSERT INTO "content_asset_tags" VALUES(1109,229,2);
INSERT INTO "content_asset_tags" VALUES(1110,229,3);
INSERT INTO "content_asset_tags" VALUES(1111,229,4);
INSERT INTO "content_asset_tags" VALUES(1112,229,5);
INSERT INTO "content_asset_tags" VALUES(1113,230,1);
INSERT INTO "content_asset_tags" VALUES(1114,230,2);
INSERT INTO "content_asset_tags" VALUES(1115,230,3);
INSERT INTO "content_asset_tags" VALUES(1116,230,4);
INSERT INTO "content_asset_tags" VALUES(1117,230,5);
INSERT INTO "content_asset_tags" VALUES(1118,231,1);
INSERT INTO "content_asset_tags" VALUES(1119,231,2);
INSERT INTO "content_asset_tags" VALUES(1120,231,3);
INSERT INTO "content_asset_tags" VALUES(1121,231,4);
INSERT INTO "content_asset_tags" VALUES(1122,231,5);
INSERT INTO "content_asset_tags" VALUES(1123,232,1);
INSERT INTO "content_asset_tags" VALUES(1124,232,2);
INSERT INTO "content_asset_tags" VALUES(1125,232,3);
INSERT INTO "content_asset_tags" VALUES(1126,232,4);
INSERT INTO "content_asset_tags" VALUES(1127,232,5);
INSERT INTO "content_asset_tags" VALUES(1128,233,1);
INSERT INTO "content_asset_tags" VALUES(1129,233,2);
INSERT INTO "content_asset_tags" VALUES(1130,233,3);
INSERT INTO "content_asset_tags" VALUES(1131,233,4);
INSERT INTO "content_asset_tags" VALUES(1132,233,5);
INSERT INTO "content_asset_tags" VALUES(1133,234,1);
INSERT INTO "content_asset_tags" VALUES(1134,234,2);
INSERT INTO "content_asset_tags" VALUES(1135,234,3);
INSERT INTO "content_asset_tags" VALUES(1136,234,4);
INSERT INTO "content_asset_tags" VALUES(1137,234,5);
INSERT INTO "content_asset_tags" VALUES(1138,235,1);
INSERT INTO "content_asset_tags" VALUES(1139,235,2);
INSERT INTO "content_asset_tags" VALUES(1140,235,3);
INSERT INTO "content_asset_tags" VALUES(1141,235,4);
INSERT INTO "content_asset_tags" VALUES(1142,235,5);
INSERT INTO "content_asset_tags" VALUES(1143,236,1);
INSERT INTO "content_asset_tags" VALUES(1144,236,2);
INSERT INTO "content_asset_tags" VALUES(1145,236,3);
INSERT INTO "content_asset_tags" VALUES(1146,236,4);
INSERT INTO "content_asset_tags" VALUES(1147,236,5);
INSERT INTO "content_asset_tags" VALUES(1148,237,1);
INSERT INTO "content_asset_tags" VALUES(1149,237,2);
INSERT INTO "content_asset_tags" VALUES(1150,237,3);
INSERT INTO "content_asset_tags" VALUES(1151,237,4);
INSERT INTO "content_asset_tags" VALUES(1152,237,5);
INSERT INTO "content_asset_tags" VALUES(1153,238,1);
INSERT INTO "content_asset_tags" VALUES(1154,238,2);
INSERT INTO "content_asset_tags" VALUES(1155,238,3);
INSERT INTO "content_asset_tags" VALUES(1156,238,4);
INSERT INTO "content_asset_tags" VALUES(1157,238,5);
INSERT INTO "content_asset_tags" VALUES(1158,239,1);
INSERT INTO "content_asset_tags" VALUES(1159,239,2);
INSERT INTO "content_asset_tags" VALUES(1160,239,3);
INSERT INTO "content_asset_tags" VALUES(1161,239,4);
INSERT INTO "content_asset_tags" VALUES(1162,239,5);
INSERT INTO "content_asset_tags" VALUES(1163,240,1);
INSERT INTO "content_asset_tags" VALUES(1164,240,2);
INSERT INTO "content_asset_tags" VALUES(1165,240,3);
INSERT INTO "content_asset_tags" VALUES(1166,240,4);
INSERT INTO "content_asset_tags" VALUES(1167,240,5);
INSERT INTO "content_asset_tags" VALUES(1168,241,1);
INSERT INTO "content_asset_tags" VALUES(1169,241,2);
INSERT INTO "content_asset_tags" VALUES(1170,241,3);
INSERT INTO "content_asset_tags" VALUES(1171,241,4);
INSERT INTO "content_asset_tags" VALUES(1172,241,5);
INSERT INTO "content_asset_tags" VALUES(1173,242,1);
INSERT INTO "content_asset_tags" VALUES(1174,242,2);
INSERT INTO "content_asset_tags" VALUES(1175,242,3);
INSERT INTO "content_asset_tags" VALUES(1176,242,4);
INSERT INTO "content_asset_tags" VALUES(1177,242,5);
INSERT INTO "content_asset_tags" VALUES(1178,243,1);
INSERT INTO "content_asset_tags" VALUES(1179,243,2);
INSERT INTO "content_asset_tags" VALUES(1180,243,3);
INSERT INTO "content_asset_tags" VALUES(1181,243,4);
INSERT INTO "content_asset_tags" VALUES(1182,243,5);
INSERT INTO "content_asset_tags" VALUES(1183,244,1);
INSERT INTO "content_asset_tags" VALUES(1184,244,2);
INSERT INTO "content_asset_tags" VALUES(1185,244,3);
INSERT INTO "content_asset_tags" VALUES(1186,244,4);
INSERT INTO "content_asset_tags" VALUES(1187,244,5);
INSERT INTO "content_asset_tags" VALUES(1188,245,1);
INSERT INTO "content_asset_tags" VALUES(1189,245,2);
INSERT INTO "content_asset_tags" VALUES(1190,245,3);
INSERT INTO "content_asset_tags" VALUES(1191,245,4);
INSERT INTO "content_asset_tags" VALUES(1192,245,5);
INSERT INTO "content_asset_tags" VALUES(1193,246,1);
INSERT INTO "content_asset_tags" VALUES(1194,246,2);
INSERT INTO "content_asset_tags" VALUES(1195,246,3);
INSERT INTO "content_asset_tags" VALUES(1196,246,4);
INSERT INTO "content_asset_tags" VALUES(1197,246,5);
INSERT INTO "content_asset_tags" VALUES(1198,247,1);
INSERT INTO "content_asset_tags" VALUES(1199,247,2);
INSERT INTO "content_asset_tags" VALUES(1200,247,3);
INSERT INTO "content_asset_tags" VALUES(1201,247,4);
INSERT INTO "content_asset_tags" VALUES(1202,247,5);
INSERT INTO "content_asset_tags" VALUES(1203,248,1);
INSERT INTO "content_asset_tags" VALUES(1204,248,2);
INSERT INTO "content_asset_tags" VALUES(1205,248,3);
INSERT INTO "content_asset_tags" VALUES(1206,248,4);
INSERT INTO "content_asset_tags" VALUES(1207,248,5);
INSERT INTO "content_asset_tags" VALUES(1208,249,1);
INSERT INTO "content_asset_tags" VALUES(1209,249,2);
INSERT INTO "content_asset_tags" VALUES(1210,249,3);
INSERT INTO "content_asset_tags" VALUES(1211,249,4);
INSERT INTO "content_asset_tags" VALUES(1212,249,5);
INSERT INTO "content_asset_tags" VALUES(1213,250,1);
INSERT INTO "content_asset_tags" VALUES(1214,250,2);
INSERT INTO "content_asset_tags" VALUES(1215,250,3);
INSERT INTO "content_asset_tags" VALUES(1216,250,4);
INSERT INTO "content_asset_tags" VALUES(1217,250,5);
INSERT INTO "content_asset_tags" VALUES(1218,251,1);
INSERT INTO "content_asset_tags" VALUES(1219,251,2);
INSERT INTO "content_asset_tags" VALUES(1220,251,3);
INSERT INTO "content_asset_tags" VALUES(1221,251,4);
INSERT INTO "content_asset_tags" VALUES(1222,251,5);
INSERT INTO "content_asset_tags" VALUES(1223,252,1);
INSERT INTO "content_asset_tags" VALUES(1224,252,2);
INSERT INTO "content_asset_tags" VALUES(1225,252,3);
INSERT INTO "content_asset_tags" VALUES(1226,252,4);
INSERT INTO "content_asset_tags" VALUES(1227,252,5);
INSERT INTO "content_asset_tags" VALUES(1228,253,1);
INSERT INTO "content_asset_tags" VALUES(1229,253,2);
INSERT INTO "content_asset_tags" VALUES(1230,253,3);
INSERT INTO "content_asset_tags" VALUES(1231,253,4);
INSERT INTO "content_asset_tags" VALUES(1232,253,5);
INSERT INTO "content_asset_tags" VALUES(1233,254,1);
INSERT INTO "content_asset_tags" VALUES(1234,254,2);
INSERT INTO "content_asset_tags" VALUES(1235,254,3);
INSERT INTO "content_asset_tags" VALUES(1236,254,4);
INSERT INTO "content_asset_tags" VALUES(1237,254,5);
INSERT INTO "content_asset_tags" VALUES(1238,255,1);
INSERT INTO "content_asset_tags" VALUES(1239,255,2);
INSERT INTO "content_asset_tags" VALUES(1240,255,3);
INSERT INTO "content_asset_tags" VALUES(1241,255,4);
INSERT INTO "content_asset_tags" VALUES(1242,255,5);
INSERT INTO "content_asset_tags" VALUES(1243,256,1);
INSERT INTO "content_asset_tags" VALUES(1244,256,2);
INSERT INTO "content_asset_tags" VALUES(1245,256,3);
INSERT INTO "content_asset_tags" VALUES(1246,256,4);
INSERT INTO "content_asset_tags" VALUES(1247,256,5);
INSERT INTO "content_asset_tags" VALUES(1248,257,1);
INSERT INTO "content_asset_tags" VALUES(1249,257,2);
INSERT INTO "content_asset_tags" VALUES(1250,257,3);
INSERT INTO "content_asset_tags" VALUES(1251,257,4);
INSERT INTO "content_asset_tags" VALUES(1252,257,5);
INSERT INTO "content_asset_tags" VALUES(1253,258,1);
INSERT INTO "content_asset_tags" VALUES(1254,258,2);
INSERT INTO "content_asset_tags" VALUES(1255,258,3);
INSERT INTO "content_asset_tags" VALUES(1256,258,4);
INSERT INTO "content_asset_tags" VALUES(1257,258,5);
INSERT INTO "content_asset_tags" VALUES(1258,259,1);
INSERT INTO "content_asset_tags" VALUES(1259,259,2);
INSERT INTO "content_asset_tags" VALUES(1260,259,3);
INSERT INTO "content_asset_tags" VALUES(1261,259,4);
INSERT INTO "content_asset_tags" VALUES(1262,259,5);
INSERT INTO "content_asset_tags" VALUES(1263,16,1);
INSERT INTO "content_asset_tags" VALUES(1279,17,1);
INSERT INTO "content_asset_tags" VALUES(1280,17,2);
INSERT INTO "content_asset_tags" VALUES(1281,17,3);
INSERT INTO "content_asset_tags" VALUES(1282,17,4);
INSERT INTO "content_asset_tags" VALUES(1283,17,5);
INSERT INTO "content_asset_tags" VALUES(1284,17,6);
INSERT INTO "content_asset_tags" VALUES(1285,17,7);
INSERT INTO "content_asset_tags" VALUES(1286,17,8);
INSERT INTO "content_asset_tags" VALUES(1287,17,9);
INSERT INTO "content_asset_tags" VALUES(1288,17,10);
INSERT INTO "content_asset_tags" VALUES(1289,17,11);
INSERT INTO "content_asset_tags" VALUES(1290,17,12);
INSERT INTO "content_asset_tags" VALUES(1291,17,13);
INSERT INTO "content_asset_tags" VALUES(1292,17,14);
INSERT INTO "content_asset_tags" VALUES(1293,17,15);
CREATE UNIQUE INDEX "auth_group_permissions_group_id_permission_id_0cd325b0_uniq" ON "auth_group_permissions" ("group_id", "permission_id");
CREATE INDEX IF NOT EXISTS "auth_group_permissions_group_id_b120cbf9" ON "auth_group_permissions" ("group_id");
CREATE INDEX IF NOT EXISTS "auth_group_permissions_permission_id_84c5c92e" ON "auth_group_permissions" ("permission_id");
CREATE UNIQUE INDEX "auth_user_groups_user_id_group_id_94350c0c_uniq" ON "auth_user_groups" ("user_id", "group_id");
CREATE INDEX IF NOT EXISTS "auth_user_groups_user_id_6a12ed8b" ON "auth_user_groups" ("user_id");
CREATE INDEX IF NOT EXISTS "auth_user_groups_group_id_97559544" ON "auth_user_groups" ("group_id");
CREATE UNIQUE INDEX "auth_user_user_permissions_user_id_permission_id_14a6b632_uniq" ON "auth_user_user_permissions" ("user_id", "permission_id");
CREATE INDEX IF NOT EXISTS "auth_user_user_permissions_user_id_a95ead1b" ON "auth_user_user_permissions" ("user_id");
CREATE INDEX IF NOT EXISTS "auth_user_user_permissions_permission_id_1fbb5f2c" ON "auth_user_user_permissions" ("permission_id");
CREATE INDEX IF NOT EXISTS "django_admin_log_content_type_id_c4bce8eb" ON "django_admin_log" ("content_type_id");
CREATE INDEX IF NOT EXISTS "django_admin_log_user_id_c564eba6" ON "django_admin_log" ("user_id");
CREATE UNIQUE INDEX "django_content_type_app_label_model_76bd3d3b_uniq" ON "django_content_type" ("app_label", "model");
CREATE UNIQUE INDEX "auth_permission_content_type_id_codename_01ab375a_uniq" ON "auth_permission" ("content_type_id", "codename");
CREATE INDEX IF NOT EXISTS "auth_permission_content_type_id_2f476e4b" ON "auth_permission" ("content_type_id");
CREATE INDEX IF NOT EXISTS "content_assettag_category_id_c168d6a0" ON "content_assettag" ("category_id");
CREATE UNIQUE INDEX "content_asset_tags_asset_id_assettag_id_4e1866d9_uniq" ON "content_asset_tags" ("asset_id", "assettag_id");
CREATE INDEX IF NOT EXISTS "content_asset_tags_asset_id_559b2df4" ON "content_asset_tags" ("asset_id");
CREATE INDEX IF NOT EXISTS "content_asset_tags_assettag_id_3798b13b" ON "content_asset_tags" ("assettag_id");
CREATE UNIQUE INDEX "content_asset_textures_asset_id_texture_id_195211a7_uniq" ON "content_asset_textures" ("asset_id", "texture_id");
CREATE INDEX IF NOT EXISTS "content_asset_textures_asset_id_cbf1eb2c" ON "content_asset_textures" ("asset_id");
CREATE INDEX IF NOT EXISTS "content_asset_textures_texture_id_4806b76d" ON "content_asset_textures" ("texture_id");
CREATE INDEX IF NOT EXISTS "django_session_expire_date_a5c62663" ON "django_session" ("expire_date");
CREATE INDEX IF NOT EXISTS "content_asset_author_id_5b35e82f" ON "content_asset" ("author_id");
CREATE UNIQUE INDEX "content_asset_favorites_asset_id_user_id_576e585a_uniq" ON "content_asset_favorites" ("asset_id", "user_id");
CREATE INDEX IF NOT EXISTS "content_asset_favorites_asset_id_39f92eec" ON "content_asset_favorites" ("asset_id");
CREATE INDEX IF NOT EXISTS "content_asset_favorites_user_id_53cd0955" ON "content_asset_favorites" ("user_id");
CREATE TABLE IF NOT EXISTS "content_asset_textures" ("id" integer NOT NULL PRIMARY KEY AUTOINCREMENT, "asset_id" bigint NOT NULL REFERENCES "content_asset" ("id") DEFERRABLE INITIALLY DEFERRED, "texture_id" bigint NOT NULL REFERENCES "content_texture" ("id") DEFERRABLE INITIALLY DEFERRED);
INSERT INTO "content_asset_textures" VALUES(51,18,52);
INSERT INTO "content_asset_textures" VALUES(54,21,55);
INSERT INTO "content_asset_textures" VALUES(55,22,56);
INSERT INTO "content_asset_textures" VALUES(56,23,57);
INSERT INTO "content_asset_textures" VALUES(57,24,58);
INSERT INTO "content_asset_textures" VALUES(58,25,59);
INSERT INTO "content_asset_textures" VALUES(59,26,60);
INSERT INTO "content_asset_textures" VALUES(60,27,61);
INSERT INTO "content_asset_textures" VALUES(61,28,62);
INSERT INTO "content_asset_textures" VALUES(62,29,63);
INSERT INTO "content_asset_textures" VALUES(63,30,64);
INSERT INTO "content_asset_textures" VALUES(64,31,65);
INSERT INTO "content_asset_textures" VALUES(65,32,66);
INSERT INTO "content_asset_textures" VALUES(66,33,67);
INSERT INTO "content_asset_textures" VALUES(67,34,68);
INSERT INTO "content_asset_textures" VALUES(68,35,69);
INSERT INTO "content_asset_textures" VALUES(69,36,70);
INSERT INTO "content_asset_textures" VALUES(70,37,71);
INSERT INTO "content_asset_textures" VALUES(71,38,72);
INSERT INTO "content_asset_textures" VALUES(72,39,73);
INSERT INTO "content_asset_textures" VALUES(73,40,74);
INSERT INTO "content_asset_textures" VALUES(74,41,75);
INSERT INTO "content_asset_textures" VALUES(75,42,76);
INSERT INTO "content_asset_textures" VALUES(76,43,77);
INSERT INTO "content_asset_textures" VALUES(77,44,78);
INSERT INTO "content_asset_textures" VALUES(78,45,79);
INSERT INTO "content_asset_textures" VALUES(79,46,80);
INSERT INTO "content_asset_textures" VALUES(80,47,81);
INSERT INTO "content_asset_textures" VALUES(81,48,82);
INSERT INTO "content_asset_textures" VALUES(82,49,83);
INSERT INTO "content_asset_textures" VALUES(83,50,84);
INSERT INTO "content_asset_textures" VALUES(84,51,85);
INSERT INTO "content_asset_textures" VALUES(85,52,86);
INSERT INTO "content_asset_textures" VALUES(86,53,87);
INSERT INTO "content_asset_textures" VALUES(87,54,88);
INSERT INTO "content_asset_textures" VALUES(88,55,89);
INSERT INTO "content_asset_textures" VALUES(89,56,90);
INSERT INTO "content_asset_textures" VALUES(90,57,91);
INSERT INTO "content_asset_textures" VALUES(91,58,92);
INSERT INTO "content_asset_textures" VALUES(92,59,93);
INSERT INTO "content_asset_textures" VALUES(93,60,94);
INSERT INTO "content_asset_textures" VALUES(94,61,95);
INSERT INTO "content_asset_textures" VALUES(95,62,96);
INSERT INTO "content_asset_textures" VALUES(96,63,97);
INSERT INTO "content_asset_textures" VALUES(97,64,98);
INSERT INTO "content_asset_textures" VALUES(98,65,99);
INSERT INTO "content_asset_textures" VALUES(99,66,100);
INSERT INTO "content_asset_textures" VALUES(100,67,101);
INSERT INTO "content_asset_textures" VALUES(101,68,102);
INSERT INTO "content_asset_textures" VALUES(102,69,103);
INSERT INTO "content_asset_textures" VALUES(103,70,104);
INSERT INTO "content_asset_textures" VALUES(104,71,105);
INSERT INTO "content_asset_textures" VALUES(105,72,106);
INSERT INTO "content_asset_textures" VALUES(106,73,107);
INSERT INTO "content_asset_textures" VALUES(107,74,108);
INSERT INTO "content_asset_textures" VALUES(108,75,109);
INSERT INTO "content_asset_textures" VALUES(109,76,110);
INSERT INTO "content_asset_textures" VALUES(110,77,111);
INSERT INTO "content_asset_textures" VALUES(111,78,112);
INSERT INTO "content_asset_textures" VALUES(112,79,113);
INSERT INTO "content_asset_textures" VALUES(113,80,114);
INSERT INTO "content_asset_textures" VALUES(114,81,115);
INSERT INTO "content_asset_textures" VALUES(115,82,116);
INSERT INTO "content_asset_textures" VALUES(116,83,117);
INSERT INTO "content_asset_textures" VALUES(117,84,118);
INSERT INTO "content_asset_textures" VALUES(118,85,119);
INSERT INTO "content_asset_textures" VALUES(119,86,120);
INSERT INTO "content_asset_textures" VALUES(120,87,121);
INSERT INTO "content_asset_textures" VALUES(121,88,122);
INSERT INTO "content_asset_textures" VALUES(122,89,123);
INSERT INTO "content_asset_textures" VALUES(123,90,124);
INSERT INTO "content_asset_textures" VALUES(124,91,125);
INSERT INTO "content_asset_textures" VALUES(125,92,126);
INSERT INTO "content_asset_textures" VALUES(126,93,127);
INSERT INTO "content_asset_textures" VALUES(127,94,128);
INSERT INTO "content_asset_textures" VALUES(128,95,129);
INSERT INTO "content_asset_textures" VALUES(129,96,130);
INSERT INTO "content_asset_textures" VALUES(130,97,131);
INSERT INTO "content_asset_textures" VALUES(131,98,132);
INSERT INTO "content_asset_textures" VALUES(132,99,133);
INSERT INTO "content_asset_textures" VALUES(133,100,134);
INSERT INTO "content_asset_textures" VALUES(134,101,135);
INSERT INTO "content_asset_textures" VALUES(135,102,136);
INSERT INTO "content_asset_textures" VALUES(136,103,137);
INSERT INTO "content_asset_textures" VALUES(137,104,138);
INSERT INTO "content_asset_textures" VALUES(138,105,139);
INSERT INTO "content_asset_textures" VALUES(139,106,140);
INSERT INTO "content_asset_textures" VALUES(140,107,141);
INSERT INTO "content_asset_textures" VALUES(141,108,142);
INSERT INTO "content_asset_textures" VALUES(142,109,143);
INSERT INTO "content_asset_textures" VALUES(143,110,144);
INSERT INTO "content_asset_textures" VALUES(144,111,145);
INSERT INTO "content_asset_textures" VALUES(145,112,146);
INSERT INTO "content_asset_textures" VALUES(146,113,147);
INSERT INTO "content_asset_textures" VALUES(147,114,148);
INSERT INTO "content_asset_textures" VALUES(148,115,149);
INSERT INTO "content_asset_textures" VALUES(149,116,150);
INSERT INTO "content_asset_textures" VALUES(150,117,151);
INSERT INTO "content_asset_textures" VALUES(151,118,152);
INSERT INTO "content_asset_textures" VALUES(152,119,153);
INSERT INTO "content_asset_textures" VALUES(153,120,154);
INSERT INTO "content_asset_textures" VALUES(154,121,155);
INSERT INTO "content_asset_textures" VALUES(155,122,156);
INSERT INTO "content_asset_textures" VALUES(156,123,157);
INSERT INTO "content_asset_textures" VALUES(157,124,158);
INSERT INTO "content_asset_textures" VALUES(158,125,159);
INSERT INTO "content_asset_textures" VALUES(159,126,160);
INSERT INTO "content_asset_textures" VALUES(160,127,161);
INSERT INTO "content_asset_textures" VALUES(161,128,162);
INSERT INTO "content_asset_textures" VALUES(162,129,163);
INSERT INTO "content_asset_textures" VALUES(163,130,164);
INSERT INTO "content_asset_textures" VALUES(164,131,165);
INSERT INTO "content_asset_textures" VALUES(165,132,166);
INSERT INTO "content_asset_textures" VALUES(166,133,167);
INSERT INTO "content_asset_textures" VALUES(167,134,168);
INSERT INTO "content_asset_textures" VALUES(168,135,169);
INSERT INTO "content_asset_textures" VALUES(169,136,170);
INSERT INTO "content_asset_textures" VALUES(170,137,171);
INSERT INTO "content_asset_textures" VALUES(171,138,172);
INSERT INTO "content_asset_textures" VALUES(172,139,173);
INSERT INTO "content_asset_textures" VALUES(173,140,174);
INSERT INTO "content_asset_textures" VALUES(174,141,175);
INSERT INTO "content_asset_textures" VALUES(175,142,176);
INSERT INTO "content_asset_textures" VALUES(176,143,177);
INSERT INTO "content_asset_textures" VALUES(177,144,178);
INSERT INTO "content_asset_textures" VALUES(178,145,179);
INSERT INTO "content_asset_textures" VALUES(179,146,180);
INSERT INTO "content_asset_textures" VALUES(180,147,181);
INSERT INTO "content_asset_textures" VALUES(181,148,182);
INSERT INTO "content_asset_textures" VALUES(182,149,183);
INSERT INTO "content_asset_textures" VALUES(183,150,184);
INSERT INTO "content_asset_textures" VALUES(184,151,185);
INSERT INTO "content_asset_textures" VALUES(185,152,186);
INSERT INTO "content_asset_textures" VALUES(186,153,187);
INSERT INTO "content_asset_textures" VALUES(187,154,188);
INSERT INTO "content_asset_textures" VALUES(188,155,189);
INSERT INTO "content_asset_textures" VALUES(189,156,190);
INSERT INTO "content_asset_textures" VALUES(190,157,191);
INSERT INTO "content_asset_textures" VALUES(191,158,192);
INSERT INTO "content_asset_textures" VALUES(192,159,193);
INSERT INTO "content_asset_textures" VALUES(193,160,194);
INSERT INTO "content_asset_textures" VALUES(194,161,195);
INSERT INTO "content_asset_textures" VALUES(195,162,196);
INSERT INTO "content_asset_textures" VALUES(196,163,197);
INSERT INTO "content_asset_textures" VALUES(197,164,198);
INSERT INTO "content_asset_textures" VALUES(198,165,199);
INSERT INTO "content_asset_textures" VALUES(199,166,200);
INSERT INTO "content_asset_textures" VALUES(200,167,201);
INSERT INTO "content_asset_textures" VALUES(201,168,202);
INSERT INTO "content_asset_textures" VALUES(202,169,203);
INSERT INTO "content_asset_textures" VALUES(203,170,204);
INSERT INTO "content_asset_textures" VALUES(204,171,205);
INSERT INTO "content_asset_textures" VALUES(205,172,206);
INSERT INTO "content_asset_textures" VALUES(206,173,207);
INSERT INTO "content_asset_textures" VALUES(207,174,208);
INSERT INTO "content_asset_textures" VALUES(208,175,209);
INSERT INTO "content_asset_textures" VALUES(209,176,210);
INSERT INTO "content_asset_textures" VALUES(210,177,211);
INSERT INTO "content_asset_textures" VALUES(211,178,212);
INSERT INTO "content_asset_textures" VALUES(212,179,213);
INSERT INTO "content_asset_textures" VALUES(213,180,214);
INSERT INTO "content_asset_textures" VALUES(214,181,215);
INSERT INTO "content_asset_textures" VALUES(215,182,216);
INSERT INTO "content_asset_textures" VALUES(216,183,217);
INSERT INTO "content_asset_textures" VALUES(217,184,218);
INSERT INTO "content_asset_textures" VALUES(218,185,219);
INSERT INTO "content_asset_textures" VALUES(219,186,220);
INSERT INTO "content_asset_textures" VALUES(220,187,221);
INSERT INTO "content_asset_textures" VALUES(221,188,222);
INSERT INTO "content_asset_textures" VALUES(222,189,223);
INSERT INTO "content_asset_textures" VALUES(223,190,224);
INSERT INTO "content_asset_textures" VALUES(224,191,225);
INSERT INTO "content_asset_textures" VALUES(225,192,226);
INSERT INTO "content_asset_textures" VALUES(226,193,227);
INSERT INTO "content_asset_textures" VALUES(227,194,228);
INSERT INTO "content_asset_textures" VALUES(228,195,229);
INSERT INTO "content_asset_textures" VALUES(229,196,230);
INSERT INTO "content_asset_textures" VALUES(230,197,231);
INSERT INTO "content_asset_textures" VALUES(231,198,232);
INSERT INTO "content_asset_textures" VALUES(232,199,233);
INSERT INTO "content_asset_textures" VALUES(233,200,234);
INSERT INTO "content_asset_textures" VALUES(234,201,235);
INSERT INTO "content_asset_textures" VALUES(235,202,236);
INSERT INTO "content_asset_textures" VALUES(236,203,237);
INSERT INTO "content_asset_textures" VALUES(237,204,238);
INSERT INTO "content_asset_textures" VALUES(238,205,239);
INSERT INTO "content_asset_textures" VALUES(239,206,240);
INSERT INTO "content_asset_textures" VALUES(240,207,241);
INSERT INTO "content_asset_textures" VALUES(241,208,242);
INSERT INTO "content_asset_textures" VALUES(242,209,243);
INSERT INTO "content_asset_textures" VALUES(243,210,244);
INSERT INTO "content_asset_textures" VALUES(244,211,245);
INSERT INTO "content_asset_textures" VALUES(245,212,246);
INSERT INTO "content_asset_textures" VALUES(246,213,247);
INSERT INTO "content_asset_textures" VALUES(247,214,248);
INSERT INTO "content_asset_textures" VALUES(248,215,249);
INSERT INTO "content_asset_textures" VALUES(249,216,250);
INSERT INTO "content_asset_textures" VALUES(250,217,251);
INSERT INTO "content_asset_textures" VALUES(251,218,252);
INSERT INTO "content_asset_textures" VALUES(252,219,253);
INSERT INTO "content_asset_textures" VALUES(253,220,254);
INSERT INTO "content_asset_textures" VALUES(254,221,255);
INSERT INTO "content_asset_textures" VALUES(255,222,256);
INSERT INTO "content_asset_textures" VALUES(256,223,257);
INSERT INTO "content_asset_textures" VALUES(257,224,258);
INSERT INTO "content_asset_textures" VALUES(258,225,259);
INSERT INTO "content_asset_textures" VALUES(259,226,260);
INSERT INTO "content_asset_textures" VALUES(260,227,261);
INSERT INTO "content_asset_textures" VALUES(261,228,262);
INSERT INTO "content_asset_textures" VALUES(262,229,263);
INSERT INTO "content_asset_textures" VALUES(263,230,264);
INSERT INTO "content_asset_textures" VALUES(264,231,265);
INSERT INTO "content_asset_textures" VALUES(265,232,266);
INSERT INTO "content_asset_textures" VALUES(266,233,267);
INSERT INTO "content_asset_textures" VALUES(267,234,268);
INSERT INTO "content_asset_textures" VALUES(268,235,269);
INSERT INTO "content_asset_textures" VALUES(269,236,270);
INSERT INTO "content_asset_textures" VALUES(270,237,271);
INSERT INTO "content_asset_textures" VALUES(271,238,272);
INSERT INTO "content_asset_textures" VALUES(272,239,273);
INSERT INTO "content_asset_textures" VALUES(273,240,274);
INSERT INTO "content_asset_textures" VALUES(274,241,275);
INSERT INTO "content_asset_textures" VALUES(275,242,276);
INSERT INTO "content_asset_textures" VALUES(276,243,277);
INSERT INTO "content_asset_textures" VALUES(277,244,278);
INSERT INTO "content_asset_textures" VALUES(278,245,279);
INSERT INTO "content_asset_textures" VALUES(279,246,280);
INSERT INTO "content_asset_textures" VALUES(280,247,281);
INSERT INTO "content_asset_textures" VALUES(281,248,282);
INSERT INTO "content_asset_textures" VALUES(282,249,283);
INSERT INTO "content_asset_textures" VALUES(283,250,284);
INSERT INTO "content_asset_textures" VALUES(284,251,285);
INSERT INTO "content_asset_textures" VALUES(285,252,286);
INSERT INTO "content_asset_textures" VALUES(286,253,287);
INSERT INTO "content_asset_textures" VALUES(287,254,288);
INSERT INTO "content_asset_textures" VALUES(288,255,289);
INSERT INTO "content_asset_textures" VALUES(289,256,290);
INSERT INTO "content_asset_textures" VALUES(290,257,291);
INSERT INTO "content_asset_textures" VALUES(291,258,292);
INSERT INTO "content_asset_textures" VALUES(292,259,293);
INSERT INTO "content_asset_textures" VALUES(299,16,300);
INSERT INTO "content_asset_textures" VALUES(302,16,303);
INSERT INTO "content_asset_textures" VALUES(303,16,304);
INSERT INTO "content_asset_textures" VALUES(304,16,305);
INSERT INTO "content_asset_textures" VALUES(305,16,306);
INSERT INTO "content_asset_textures" VALUES(306,16,307);
INSERT INTO "content_asset_textures" VALUES(307,16,308);
INSERT INTO "content_asset_textures" VALUES(308,16,309);
INSERT INTO "content_asset_textures" VALUES(309,16,310);
INSERT INTO "content_asset_textures" VALUES(310,16,311);
CREATE UNIQUE INDEX "auth_group_permissions_group_id_permission_id_0cd325b0_uniq" ON "auth_group_permissions" ("group_id", "permission_id");
CREATE INDEX IF NOT EXISTS "auth_group_permissions_group_id_b120cbf9" ON "auth_group_permissions" ("group_id");
CREATE INDEX IF NOT EXISTS "auth_group_permissions_permission_id_84c5c92e" ON "auth_group_permissions" ("permission_id");
CREATE UNIQUE INDEX "auth_user_groups_user_id_group_id_94350c0c_uniq" ON "auth_user_groups" ("user_id", "group_id");
CREATE INDEX IF NOT EXISTS "auth_user_groups_user_id_6a12ed8b" ON "auth_user_groups" ("user_id");
CREATE INDEX IF NOT EXISTS "auth_user_groups_group_id_97559544" ON "auth_user_groups" ("group_id");
CREATE UNIQUE INDEX "auth_user_user_permissions_user_id_permission_id_14a6b632_uniq" ON "auth_user_user_permissions" ("user_id", "permission_id");
CREATE INDEX IF NOT EXISTS "auth_user_user_permissions_user_id_a95ead1b" ON "auth_user_user_permissions" ("user_id");
CREATE INDEX IF NOT EXISTS "auth_user_user_permissions_permission_id_1fbb5f2c" ON "auth_user_user_permissions" ("permission_id");
CREATE INDEX IF NOT EXISTS "django_admin_log_content_type_id_c4bce8eb" ON "django_admin_log" ("content_type_id");
CREATE INDEX IF NOT EXISTS "django_admin_log_user_id_c564eba6" ON "django_admin_log" ("user_id");
CREATE UNIQUE INDEX "django_content_type_app_label_model_76bd3d3b_uniq" ON "django_content_type" ("app_label", "model");
CREATE UNIQUE INDEX "auth_permission_content_type_id_codename_01ab375a_uniq" ON "auth_permission" ("content_type_id", "codename");
CREATE INDEX IF NOT EXISTS "auth_permission_content_type_id_2f476e4b" ON "auth_permission" ("content_type_id");
CREATE INDEX IF NOT EXISTS "content_assettag_category_id_c168d6a0" ON "content_assettag" ("category_id");
CREATE UNIQUE INDEX "content_asset_tags_asset_id_assettag_id_4e1866d9_uniq" ON "content_asset_tags" ("asset_id", "assettag_id");
CREATE INDEX IF NOT EXISTS "content_asset_tags_asset_id_559b2df4" ON "content_asset_tags" ("asset_id");
CREATE INDEX IF NOT EXISTS "content_asset_tags_assettag_id_3798b13b" ON "content_asset_tags" ("assettag_id");
CREATE UNIQUE INDEX "content_asset_textures_asset_id_texture_id_195211a7_uniq" ON "content_asset_textures" ("asset_id", "texture_id");
CREATE INDEX IF NOT EXISTS "content_asset_textures_asset_id_cbf1eb2c" ON "content_asset_textures" ("asset_id");
CREATE INDEX IF NOT EXISTS "content_asset_textures_texture_id_4806b76d" ON "content_asset_textures" ("texture_id");
CREATE INDEX IF NOT EXISTS "django_session_expire_date_a5c62663" ON "django_session" ("expire_date");
CREATE INDEX IF NOT EXISTS "content_asset_author_id_5b35e82f" ON "content_asset" ("author_id");
CREATE UNIQUE INDEX "content_asset_favorites_asset_id_user_id_576e585a_uniq" ON "content_asset_favorites" ("asset_id", "user_id");
CREATE INDEX IF NOT EXISTS "content_asset_favorites_asset_id_39f92eec" ON "content_asset_favorites" ("asset_id");
CREATE INDEX IF NOT EXISTS "content_asset_favorites_user_id_53cd0955" ON "content_asset_favorites" ("user_id");
CREATE TABLE IF NOT EXISTS "content_assettag" ("id" integer NOT NULL PRIMARY KEY AUTOINCREMENT, "name" varchar(50) NOT NULL, "category_id" bigint NOT NULL REFERENCES "content_assettagcategory" ("id") DEFERRABLE INITIALLY DEFERRED);
INSERT INTO "content_assettag" VALUES(1,'Personnel Zone',1);
INSERT INTO "content_assettag" VALUES(2,'Entrance Hub',1);
INSERT INTO "content_assettag" VALUES(3,'Power Substation Zone',1);
INSERT INTO "content_assettag" VALUES(4,'Containment Bay',1);
INSERT INTO "content_assettag" VALUES(5,'Surface Location',1);
INSERT INTO "content_assettag" VALUES(6,'Train Location',1);
INSERT INTO "content_assettag" VALUES(7,'Wood',2);
INSERT INTO "content_assettag" VALUES(8,'Concrete',2);
INSERT INTO "content_assettag" VALUES(9,'Metal',2);
INSERT INTO "content_assettag" VALUES(10,'Plastic',2);
INSERT INTO "content_assettag" VALUES(11,'Paper',2);
INSERT INTO "content_assettag" VALUES(12,'Cardboard',2);
INSERT INTO "content_assettag" VALUES(13,'Furniture',3);
INSERT INTO "content_assettag" VALUES(14,'Prop',3);
INSERT INTO "content_assettag" VALUES(15,'Skeleton',3);
CREATE UNIQUE INDEX "auth_group_permissions_group_id_permission_id_0cd325b0_uniq" ON "auth_group_permissions" ("group_id", "permission_id");
CREATE INDEX IF NOT EXISTS "auth_group_permissions_group_id_b120cbf9" ON "auth_group_permissions" ("group_id");
CREATE INDEX IF NOT EXISTS "auth_group_permissions_permission_id_84c5c92e" ON "auth_group_permissions" ("permission_id");
CREATE UNIQUE INDEX "auth_user_groups_user_id_group_id_94350c0c_uniq" ON "auth_user_groups" ("user_id", "group_id");
CREATE INDEX IF NOT EXISTS "auth_user_groups_user_id_6a12ed8b" ON "auth_user_groups" ("user_id");
CREATE INDEX IF NOT EXISTS "auth_user_groups_group_id_97559544" ON "auth_user_groups" ("group_id");
CREATE UNIQUE INDEX "auth_user_user_permissions_user_id_permission_id_14a6b632_uniq" ON "auth_user_user_permissions" ("user_id", "permission_id");
CREATE INDEX IF NOT EXISTS "auth_user_user_permissions_user_id_a95ead1b" ON "auth_user_user_permissions" ("user_id");
CREATE INDEX IF NOT EXISTS "auth_user_user_permissions_permission_id_1fbb5f2c" ON "auth_user_user_permissions" ("permission_id");
CREATE INDEX IF NOT EXISTS "django_admin_log_content_type_id_c4bce8eb" ON "django_admin_log" ("content_type_id");
CREATE INDEX IF NOT EXISTS "django_admin_log_user_id_c564eba6" ON "django_admin_log" ("user_id");
CREATE UNIQUE INDEX "django_content_type_app_label_model_76bd3d3b_uniq" ON "django_content_type" ("app_label", "model");
CREATE UNIQUE INDEX "auth_permission_content_type_id_codename_01ab375a_uniq" ON "auth_permission" ("content_type_id", "codename");
CREATE INDEX IF NOT EXISTS "auth_permission_content_type_id_2f476e4b" ON "auth_permission" ("content_type_id");
CREATE INDEX IF NOT EXISTS "content_assettag_category_id_c168d6a0" ON "content_assettag" ("category_id");
CREATE UNIQUE INDEX "content_asset_tags_asset_id_assettag_id_4e1866d9_uniq" ON "content_asset_tags" ("asset_id", "assettag_id");
CREATE INDEX IF NOT EXISTS "content_asset_tags_asset_id_559b2df4" ON "content_asset_tags" ("asset_id");
CREATE INDEX IF NOT EXISTS "content_asset_tags_assettag_id_3798b13b" ON "content_asset_tags" ("assettag_id");
CREATE UNIQUE INDEX "content_asset_textures_asset_id_texture_id_195211a7_uniq" ON "content_asset_textures" ("asset_id", "texture_id");
CREATE INDEX IF NOT EXISTS "content_asset_textures_asset_id_cbf1eb2c" ON "content_asset_textures" ("asset_id");
CREATE INDEX IF NOT EXISTS "content_asset_textures_texture_id_4806b76d" ON "content_asset_textures" ("texture_id");
CREATE INDEX IF NOT EXISTS "django_session_expire_date_a5c62663" ON "django_session" ("expire_date");
CREATE INDEX IF NOT EXISTS "content_asset_author_id_5b35e82f" ON "content_asset" ("author_id");
CREATE UNIQUE INDEX "content_asset_favorites_asset_id_user_id_576e585a_uniq" ON "content_asset_favorites" ("asset_id", "user_id");
CREATE INDEX IF NOT EXISTS "content_asset_favorites_asset_id_39f92eec" ON "content_asset_favorites" ("asset_id");
CREATE INDEX IF NOT EXISTS "content_asset_favorites_user_id_53cd0955" ON "content_asset_favorites" ("user_id");
CREATE TABLE IF NOT EXISTS "content_assettagcategory" ("id" integer NOT NULL PRIMARY KEY AUTOINCREMENT, "name" varchar(50) NOT NULL, "order" smallint NOT NULL UNIQUE);
INSERT INTO "content_assettagcategory" VALUES(1,'Zone',0);
INSERT INTO "content_assettagcategory" VALUES(2,'Material',1);
INSERT INTO "content_assettagcategory" VALUES(3,'Type',2);
CREATE UNIQUE INDEX "auth_group_permissions_group_id_permission_id_0cd325b0_uniq" ON "auth_group_permissions" ("group_id", "permission_id");
CREATE INDEX IF NOT EXISTS "auth_group_permissions_group_id_b120cbf9" ON "auth_group_permissions" ("group_id");
CREATE INDEX IF NOT EXISTS "auth_group_permissions_permission_id_84c5c92e" ON "auth_group_permissions" ("permission_id");
CREATE UNIQUE INDEX "auth_user_groups_user_id_group_id_94350c0c_uniq" ON "auth_user_groups" ("user_id", "group_id");
CREATE INDEX IF NOT EXISTS "auth_user_groups_user_id_6a12ed8b" ON "auth_user_groups" ("user_id");
CREATE INDEX IF NOT EXISTS "auth_user_groups_group_id_97559544" ON "auth_user_groups" ("group_id");
CREATE UNIQUE INDEX "auth_user_user_permissions_user_id_permission_id_14a6b632_uniq" ON "auth_user_user_permissions" ("user_id", "permission_id");
CREATE INDEX IF NOT EXISTS "auth_user_user_permissions_user_id_a95ead1b" ON "auth_user_user_permissions" ("user_id");
CREATE INDEX IF NOT EXISTS "auth_user_user_permissions_permission_id_1fbb5f2c" ON "auth_user_user_permissions" ("permission_id");
CREATE INDEX IF NOT EXISTS "django_admin_log_content_type_id_c4bce8eb" ON "django_admin_log" ("content_type_id");
CREATE INDEX IF NOT EXISTS "django_admin_log_user_id_c564eba6" ON "django_admin_log" ("user_id");
CREATE UNIQUE INDEX "django_content_type_app_label_model_76bd3d3b_uniq" ON "django_content_type" ("app_label", "model");
CREATE UNIQUE INDEX "auth_permission_content_type_id_codename_01ab375a_uniq" ON "auth_permission" ("content_type_id", "codename");
CREATE INDEX IF NOT EXISTS "auth_permission_content_type_id_2f476e4b" ON "auth_permission" ("content_type_id");
CREATE INDEX IF NOT EXISTS "content_assettag_category_id_c168d6a0" ON "content_assettag" ("category_id");
CREATE UNIQUE INDEX "content_asset_tags_asset_id_assettag_id_4e1866d9_uniq" ON "content_asset_tags" ("asset_id", "assettag_id");
CREATE INDEX IF NOT EXISTS "content_asset_tags_asset_id_559b2df4" ON "content_asset_tags" ("asset_id");
CREATE INDEX IF NOT EXISTS "content_asset_tags_assettag_id_3798b13b" ON "content_asset_tags" ("assettag_id");
CREATE UNIQUE INDEX "content_asset_textures_asset_id_texture_id_195211a7_uniq" ON "content_asset_textures" ("asset_id", "texture_id");
CREATE INDEX IF NOT EXISTS "content_asset_textures_asset_id_cbf1eb2c" ON "content_asset_textures" ("asset_id");
CREATE INDEX IF NOT EXISTS "content_asset_textures_texture_id_4806b76d" ON "content_asset_textures" ("texture_id");
CREATE INDEX IF NOT EXISTS "django_session_expire_date_a5c62663" ON "django_session" ("expire_date");
CREATE INDEX IF NOT EXISTS "content_asset_author_id_5b35e82f" ON "content_asset" ("author_id");
CREATE UNIQUE INDEX "content_asset_favorites_asset_id_user_id_576e585a_uniq" ON "content_asset_favorites" ("asset_id", "user_id");
CREATE INDEX IF NOT EXISTS "content_asset_favorites_asset_id_39f92eec" ON "content_asset_favorites" ("asset_id");
CREATE INDEX IF NOT EXISTS "content_asset_favorites_user_id_53cd0955" ON "content_asset_favorites" ("user_id");
CREATE TABLE IF NOT EXISTS "content_texture" ("id" integer NOT NULL PRIMARY KEY AUTOINCREMENT, "texture" varchar(100) NOT NULL);
INSERT INTO "content_texture" VALUES(1,'textures/None/texture_1___2.png');
INSERT INTO "content_texture" VALUES(2,'textures/None/texture_1___2_LdnKW2y.png');
INSERT INTO "content_texture" VALUES(3,'textures/None/texture_1__.png');
INSERT INTO "content_texture" VALUES(4,'textures/None/texture_1.png');
INSERT INTO "content_texture" VALUES(5,'textures/None/texture_2___2.png');
INSERT INTO "content_texture" VALUES(6,'textures/None/texture_2__.png');
INSERT INTO "content_texture" VALUES(7,'textures/None/texture_2.png');
INSERT INTO "content_texture" VALUES(8,'textures/None/texture_4___2.png');
INSERT INTO "content_texture" VALUES(9,'textures/None/texture_4__.png');
INSERT INTO "content_texture" VALUES(10,'textures/None/texture_4.png');
INSERT INTO "content_texture" VALUES(11,'textures/None/texture_1___2_bLPfr5T.png');
INSERT INTO "content_texture" VALUES(12,'textures/None/texture_1___VMUHEOA.png');
INSERT INTO "content_texture" VALUES(13,'textures/None/texture_1_sPOTx7y.png');
INSERT INTO "content_texture" VALUES(14,'textures/14/texture_1___2.png');
INSERT INTO "content_texture" VALUES(15,'textures/15/texture_1__.png');
INSERT INTO "content_texture" VALUES(16,'textures/16/texture_1.png');
INSERT INTO "content_texture" VALUES(17,'textures/17/texture_2___2.png');
INSERT INTO "content_texture" VALUES(18,'textures/18/texture_2__.png');
INSERT INTO "content_texture" VALUES(19,'textures/19/texture_2.png');
INSERT INTO "content_texture" VALUES(20,'textures/20/texture_4___2.png');
INSERT INTO "content_texture" VALUES(21,'textures/21/texture_4__.png');
INSERT INTO "content_texture" VALUES(22,'textures/22/texture_4.png');
INSERT INTO "content_texture" VALUES(23,'textures/23/texture_1___2.png');
INSERT INTO "content_texture" VALUES(24,'textures/24/texture_1__.png');
INSERT INTO "content_texture" VALUES(25,'textures/25/texture_1.png');
INSERT INTO "content_texture" VALUES(26,'textures/26/texture_4___2.png');
INSERT INTO "content_texture" VALUES(27,'textures/27/texture_4__.png');
INSERT INTO "content_texture" VALUES(28,'textures/28/texture_4.png');
INSERT INTO "content_texture" VALUES(29,'textures/29/texture_1___2.png');
INSERT INTO "content_texture" VALUES(30,'textures/30/texture_1__.png');
INSERT INTO "content_texture" VALUES(31,'textures/31/texture_1.png');
INSERT INTO "content_texture" VALUES(32,'textures/32/texture_4___2.png');
INSERT INTO "content_texture" VALUES(33,'textures/33/texture_4__.png');
INSERT INTO "content_texture" VALUES(34,'textures/34/texture_4.png');
INSERT INTO "content_texture" VALUES(35,'textures/35/texture_1___2.png');
INSERT INTO "content_texture" VALUES(36,'textures/36/texture_1__.png');
INSERT INTO "content_texture" VALUES(37,'textures/37/texture_1.png');
INSERT INTO "content_texture" VALUES(38,'textures/38/texture_2___2.png');
INSERT INTO "content_texture" VALUES(39,'textures/39/texture_2__.png');
INSERT INTO "content_texture" VALUES(40,'textures/40/texture_2.png');
INSERT INTO "content_texture" VALUES(41,'textures/41/texture_4___2.png');
INSERT INTO "content_texture" VALUES(42,'textures/42/texture_4__.png');
INSERT INTO "content_texture" VALUES(43,'textures/43/texture_4.png');
INSERT INTO "content_texture" VALUES(44,'textures/44/Ellipse_3.png');
INSERT INTO "content_texture" VALUES(45,'textures/45/Ellipse_3.png');
INSERT INTO "content_texture" VALUES(46,'textures/46/Ellipse_3.png');
INSERT INTO "content_texture" VALUES(47,'textures/47/Ellipse_3.png');
INSERT INTO "content_texture" VALUES(52,'textures/52/Ellipse_3.png');
INSERT INTO "content_texture" VALUES(55,'textures/55/Ellipse_3.png');
INSERT INTO "content_texture" VALUES(56,'textures/56/Ellipse_3.png');
INSERT INTO "content_texture" VALUES(57,'textures/57/Ellipse_3.png');
INSERT INTO "content_texture" VALUES(58,'textures/58/Ellipse_3.png');
INSERT INTO "content_texture" VALUES(59,'textures/59/Ellipse_3.png');
INSERT INTO "content_texture" VALUES(60,'textures/60/Ellipse_3.png');
INSERT INTO "content_texture" VALUES(61,'textures/61/Ellipse_3.png');
INSERT INTO "content_texture" VALUES(62,'textures/62/Ellipse_3.png');
INSERT INTO "content_texture" VALUES(63,'textures/63/Ellipse_3.png');
INSERT INTO "content_texture" VALUES(64,'textures/64/Ellipse_3.png');
INSERT INTO "content_texture" VALUES(65,'textures/65/Ellipse_3.png');
INSERT INTO "content_texture" VALUES(66,'textures/66/Ellipse_3.png');
INSERT INTO "content_texture" VALUES(67,'textures/67/Ellipse_3.png');
INSERT INTO "content_texture" VALUES(68,'textures/68/Ellipse_3.png');
INSERT INTO "content_texture" VALUES(69,'textures/69/Ellipse_3.png');
INSERT INTO "content_texture" VALUES(70,'textures/70/Ellipse_3.png');
INSERT INTO "content_texture" VALUES(71,'textures/71/Ellipse_3.png');
INSERT INTO "content_texture" VALUES(72,'textures/72/Ellipse_3.png');
INSERT INTO "content_texture" VALUES(73,'textures/73/Ellipse_3.png');
INSERT INTO "content_texture" VALUES(74,'textures/74/Ellipse_3.png');
INSERT INTO "content_texture" VALUES(75,'textures/75/Ellipse_3.png');
INSERT INTO "content_texture" VALUES(76,'textures/76/Ellipse_3.png');
INSERT INTO "content_texture" VALUES(77,'textures/77/Ellipse_3.png');
INSERT INTO "content_texture" VALUES(78,'textures/78/Ellipse_3.png');
INSERT INTO "content_texture" VALUES(79,'textures/79/Ellipse_3.png');
INSERT INTO "content_texture" VALUES(80,'textures/80/Ellipse_3.png');
INSERT INTO "content_texture" VALUES(81,'textures/81/Ellipse_3.png');
INSERT INTO "content_texture" VALUES(82,'textures/82/Ellipse_3.png');
INSERT INTO "content_texture" VALUES(83,'textures/83/Ellipse_3.png');
INSERT INTO "content_texture" VALUES(84,'textures/84/Ellipse_3.png');
INSERT INTO "content_texture" VALUES(85,'textures/85/Ellipse_3.png');
INSERT INTO "content_texture" VALUES(86,'textures/86/Ellipse_3.png');
INSERT INTO "content_texture" VALUES(87,'textures/87/Ellipse_3.png');
INSERT INTO "content_texture" VALUES(88,'textures/88/Ellipse_3.png');
INSERT INTO "content_texture" VALUES(89,'textures/89/Ellipse_3.png');
INSERT INTO "content_texture" VALUES(90,'textures/90/Ellipse_3.png');
INSERT INTO "content_texture" VALUES(91,'textures/91/Ellipse_3.png');
INSERT INTO "content_texture" VALUES(92,'textures/92/Ellipse_3.png');
INSERT INTO "content_texture" VALUES(93,'textures/93/Ellipse_3.png');
INSERT INTO "content_texture" VALUES(94,'textures/94/Ellipse_3.png');
INSERT INTO "content_texture" VALUES(95,'textures/95/Ellipse_3.png');
INSERT INTO "content_texture" VALUES(96,'textures/96/Ellipse_3.png');
INSERT INTO "content_texture" VALUES(97,'textures/97/Ellipse_3.png');
INSERT INTO "content_texture" VALUES(98,'textures/98/Ellipse_3.png');
INSERT INTO "content_texture" VALUES(99,'textures/99/Ellipse_3.png');
INSERT INTO "content_texture" VALUES(100,'textures/100/Ellipse_3.png');
INSERT INTO "content_texture" VALUES(101,'textures/101/Ellipse_3.png');
INSERT INTO "content_texture" VALUES(102,'textures/102/Ellipse_3.png');
INSERT INTO "content_texture" VALUES(103,'textures/103/Ellipse_3.png');
INSERT INTO "content_texture" VALUES(104,'textures/104/Ellipse_3.png');
INSERT INTO "content_texture" VALUES(105,'textures/105/Ellipse_3.png');
INSERT INTO "content_texture" VALUES(106,'textures/106/Ellipse_3.png');
INSERT INTO "content_texture" VALUES(107,'textures/107/Ellipse_3.png');
INSERT INTO "content_texture" VALUES(108,'textures/108/Ellipse_3.png');
INSERT INTO "content_texture" VALUES(109,'textures/109/Ellipse_3.png');
INSERT INTO "content_texture" VALUES(110,'textures/110/Ellipse_3.png');
INSERT INTO "content_texture" VALUES(111,'textures/111/Ellipse_3.png');
INSERT INTO "content_texture" VALUES(112,'textures/112/Ellipse_3.png');
INSERT INTO "content_texture" VALUES(113,'textures/113/Ellipse_3.png');
INSERT INTO "content_texture" VALUES(114,'textures/114/Ellipse_3.png');
INSERT INTO "content_texture" VALUES(115,'textures/115/Ellipse_3.png');
INSERT INTO "content_texture" VALUES(116,'textures/116/Ellipse_3.png');
INSERT INTO "content_texture" VALUES(117,'textures/117/Ellipse_3.png');
INSERT INTO "content_texture" VALUES(118,'textures/118/Ellipse_3.png');
INSERT INTO "content_texture" VALUES(119,'textures/119/Ellipse_3.png');
INSERT INTO "content_texture" VALUES(120,'textures/120/Ellipse_3.png');
INSERT INTO "content_texture" VALUES(121,'textures/121/Ellipse_3.png');
INSERT INTO "content_texture" VALUES(122,'textures/122/Ellipse_3.png');
INSERT INTO "content_texture" VALUES(123,'textures/123/Ellipse_3.png');
INSERT INTO "content_texture" VALUES(124,'textures/124/Ellipse_3.png');
INSERT INTO "content_texture" VALUES(125,'textures/125/Ellipse_3.png');
INSERT INTO "content_texture" VALUES(126,'textures/126/Ellipse_3.png');
INSERT INTO "content_texture" VALUES(127,'textures/127/Ellipse_3.png');
INSERT INTO "content_texture" VALUES(128,'textures/128/Ellipse_3.png');
INSERT INTO "content_texture" VALUES(129,'textures/129/Ellipse_3.png');
INSERT INTO "content_texture" VALUES(130,'textures/130/Ellipse_3.png');
INSERT INTO "content_texture" VALUES(131,'textures/131/Ellipse_3.png');
INSERT INTO "content_texture" VALUES(132,'textures/132/Ellipse_3.png');
INSERT INTO "content_texture" VALUES(133,'textures/133/Ellipse_3.png');
INSERT INTO "content_texture" VALUES(134,'textures/134/Ellipse_3.png');
INSERT INTO "content_texture" VALUES(135,'textures/135/Ellipse_3.png');
INSERT INTO "content_texture" VALUES(136,'textures/136/Ellipse_3.png');
INSERT INTO "content_texture" VALUES(137,'textures/137/Ellipse_3.png');
INSERT INTO "content_texture" VALUES(138,'textures/138/Ellipse_3.png');
INSERT INTO "content_texture" VALUES(139,'textures/139/Ellipse_3.png');
INSERT INTO "content_texture" VALUES(140,'textures/140/Ellipse_3.png');
INSERT INTO "content_texture" VALUES(141,'textures/141/Ellipse_3.png');
INSERT INTO "content_texture" VALUES(142,'textures/142/Ellipse_3.png');
INSERT INTO "content_texture" VALUES(143,'textures/143/Ellipse_3.png');
INSERT INTO "content_texture" VALUES(144,'textures/144/Ellipse_3.png');
INSERT INTO "content_texture" VALUES(145,'textures/145/Ellipse_3.png');
INSERT INTO "content_texture" VALUES(146,'textures/146/Ellipse_3.png');
INSERT INTO "content_texture" VALUES(147,'textures/147/Ellipse_3.png');
INSERT INTO "content_texture" VALUES(148,'textures/148/Ellipse_3.png');
INSERT INTO "content_texture" VALUES(149,'textures/149/Ellipse_3.png');
INSERT INTO "content_texture" VALUES(150,'textures/150/Ellipse_3.png');
INSERT INTO "content_texture" VALUES(151,'textures/151/Ellipse_3.png');
INSERT INTO "content_texture" VALUES(152,'textures/152/Ellipse_3.png');
INSERT INTO "content_texture" VALUES(153,'textures/153/Ellipse_3.png');
INSERT INTO "content_texture" VALUES(154,'textures/154/Ellipse_3.png');
INSERT INTO "content_texture" VALUES(155,'textures/155/Ellipse_3.png');
INSERT INTO "content_texture" VALUES(156,'textures/156/Ellipse_3.png');
INSERT INTO "content_texture" VALUES(157,'textures/157/Ellipse_3.png');
INSERT INTO "content_texture" VALUES(158,'textures/158/Ellipse_3.png');
INSERT INTO "content_texture" VALUES(159,'textures/159/Ellipse_3.png');
INSERT INTO "content_texture" VALUES(160,'textures/160/Ellipse_3.png');
INSERT INTO "content_texture" VALUES(161,'textures/161/Ellipse_3.png');
INSERT INTO "content_texture" VALUES(162,'textures/162/Ellipse_3.png');
INSERT INTO "content_texture" VALUES(163,'textures/163/Ellipse_3.png');
INSERT INTO "content_texture" VALUES(164,'textures/164/Ellipse_3.png');
INSERT INTO "content_texture" VALUES(165,'textures/165/Ellipse_3.png');
INSERT INTO "content_texture" VALUES(166,'textures/166/Ellipse_3.png');
INSERT INTO "content_texture" VALUES(167,'textures/167/Ellipse_3.png');
INSERT INTO "content_texture" VALUES(168,'textures/168/Ellipse_3.png');
INSERT INTO "content_texture" VALUES(169,'textures/169/Ellipse_3.png');
INSERT INTO "content_texture" VALUES(170,'textures/170/Ellipse_3.png');
INSERT INTO "content_texture" VALUES(171,'textures/171/Ellipse_3.png');
INSERT INTO "content_texture" VALUES(172,'textures/172/Ellipse_3.png');
INSERT INTO "content_texture" VALUES(173,'textures/173/Ellipse_3.png');
INSERT INTO "content_texture" VALUES(174,'textures/174/Ellipse_3.png');
INSERT INTO "content_texture" VALUES(175,'textures/175/Ellipse_3.png');
INSERT INTO "content_texture" VALUES(176,'textures/176/Ellipse_3.png');
INSERT INTO "content_texture" VALUES(177,'textures/177/Ellipse_3.png');
INSERT INTO "content_texture" VALUES(178,'textures/178/Ellipse_3.png');
INSERT INTO "content_texture" VALUES(179,'textures/179/Ellipse_3.png');
INSERT INTO "content_texture" VALUES(180,'textures/180/Ellipse_3.png');
INSERT INTO "content_texture" VALUES(181,'textures/181/Ellipse_3.png');
INSERT INTO "content_texture" VALUES(182,'textures/182/Ellipse_3.png');
INSERT INTO "content_texture" VALUES(183,'textures/183/Ellipse_3.png');
INSERT INTO "content_texture" VALUES(184,'textures/184/Ellipse_3.png');
INSERT INTO "content_texture" VALUES(185,'textures/185/Ellipse_3.png');
INSERT INTO "content_texture" VALUES(186,'textures/186/Ellipse_3.png');
INSERT INTO "content_texture" VALUES(187,'textures/187/Ellipse_3.png');
INSERT INTO "content_texture" VALUES(188,'textures/188/Ellipse_3.png');
INSERT INTO "content_texture" VALUES(189,'textures/189/Ellipse_3.png');
INSERT INTO "content_texture" VALUES(190,'textures/190/Ellipse_3.png');
INSERT INTO "content_texture" VALUES(191,'textures/191/Ellipse_3.png');
INSERT INTO "content_texture" VALUES(192,'textures/192/Ellipse_3.png');
INSERT INTO "content_texture" VALUES(193,'textures/193/Ellipse_3.png');
INSERT INTO "content_texture" VALUES(194,'textures/194/Ellipse_3.png');
INSERT INTO "content_texture" VALUES(195,'textures/195/Ellipse_3.png');
INSERT INTO "content_texture" VALUES(196,'textures/196/Ellipse_3.png');
INSERT INTO "content_texture" VALUES(197,'textures/197/Ellipse_3.png');
INSERT INTO "content_texture" VALUES(198,'textures/198/Ellipse_3.png');
INSERT INTO "content_texture" VALUES(199,'textures/199/Ellipse_3.png');
INSERT INTO "content_texture" VALUES(200,'textures/200/Ellipse_3.png');
INSERT INTO "content_texture" VALUES(201,'textures/201/Ellipse_3.png');
INSERT INTO "content_texture" VALUES(202,'textures/202/Ellipse_3.png');
INSERT INTO "content_texture" VALUES(203,'textures/203/Ellipse_3.png');
INSERT INTO "content_texture" VALUES(204,'textures/204/Ellipse_3.png');
INSERT INTO "content_texture" VALUES(205,'textures/205/Ellipse_3.png');
INSERT INTO "content_texture" VALUES(206,'textures/206/Ellipse_3.png');
INSERT INTO "content_texture" VALUES(207,'textures/207/Ellipse_3.png');
INSERT INTO "content_texture" VALUES(208,'textures/208/Ellipse_3.png');
INSERT INTO "content_texture" VALUES(209,'textures/209/Ellipse_3.png');
INSERT INTO "content_texture" VALUES(210,'textures/210/Ellipse_3.png');
INSERT INTO "content_texture" VALUES(211,'textures/211/Ellipse_3.png');
INSERT INTO "content_texture" VALUES(212,'textures/212/Ellipse_3.png');
INSERT INTO "content_texture" VALUES(213,'textures/213/Ellipse_3.png');
INSERT INTO "content_texture" VALUES(214,'textures/214/Ellipse_3.png');
INSERT INTO "content_texture" VALUES(215,'textures/215/Ellipse_3.png');
INSERT INTO "content_texture" VALUES(216,'textures/216/Ellipse_3.png');
INSERT INTO "content_texture" VALUES(217,'textures/217/Ellipse_3.png');
INSERT INTO "content_texture" VALUES(218,'textures/218/Ellipse_3.png');
INSERT INTO "content_texture" VALUES(219,'textures/219/Ellipse_3.png');
INSERT INTO "content_texture" VALUES(220,'textures/220/Ellipse_3.png');
INSERT INTO "content_texture" VALUES(221,'textures/221/Ellipse_3.png');
INSERT INTO "content_texture" VALUES(222,'textures/222/Ellipse_3.png');
INSERT INTO "content_texture" VALUES(223,'textures/223/Ellipse_3.png');
INSERT INTO "content_texture" VALUES(224,'textures/224/Ellipse_3.png');
INSERT INTO "content_texture" VALUES(225,'textures/225/Ellipse_3.png');
INSERT INTO "content_texture" VALUES(226,'textures/226/Ellipse_3.png');
INSERT INTO "content_texture" VALUES(227,'textures/227/Ellipse_3.png');
INSERT INTO "content_texture" VALUES(228,'textures/228/Ellipse_3.png');
INSERT INTO "content_texture" VALUES(229,'textures/229/Ellipse_3.png');
INSERT INTO "content_texture" VALUES(230,'textures/230/Ellipse_3.png');
INSERT INTO "content_texture" VALUES(231,'textures/231/Ellipse_3.png');
INSERT INTO "content_texture" VALUES(232,'textures/232/Ellipse_3.png');
INSERT INTO "content_texture" VALUES(233,'textures/233/Ellipse_3.png');
INSERT INTO "content_texture" VALUES(234,'textures/234/Ellipse_3.png');
INSERT INTO "content_texture" VALUES(235,'textures/235/Ellipse_3.png');
INSERT INTO "content_texture" VALUES(236,'textures/236/Ellipse_3.png');
INSERT INTO "content_texture" VALUES(237,'textures/237/Ellipse_3.png');
INSERT INTO "content_texture" VALUES(238,'textures/238/Ellipse_3.png');
INSERT INTO "content_texture" VALUES(239,'textures/239/Ellipse_3.png');
INSERT INTO "content_texture" VALUES(240,'textures/240/Ellipse_3.png');
INSERT INTO "content_texture" VALUES(241,'textures/241/Ellipse_3.png');
INSERT INTO "content_texture" VALUES(242,'textures/242/Ellipse_3.png');
INSERT INTO "content_texture" VALUES(243,'textures/243/Ellipse_3.png');
INSERT INTO "content_texture" VALUES(244,'textures/244/Ellipse_3.png');
INSERT INTO "content_texture" VALUES(245,'textures/245/Ellipse_3.png');
INSERT INTO "content_texture" VALUES(246,'textures/246/Ellipse_3.png');
INSERT INTO "content_texture" VALUES(247,'textures/247/Ellipse_3.png');
INSERT INTO "content_texture" VALUES(248,'textures/248/Ellipse_3.png');
INSERT INTO "content_texture" VALUES(249,'textures/249/Ellipse_3.png');
INSERT INTO "content_texture" VALUES(250,'textures/250/Ellipse_3.png');
INSERT INTO "content_texture" VALUES(251,'textures/251/Ellipse_3.png');
INSERT INTO "content_texture" VALUES(252,'textures/252/Ellipse_3.png');
INSERT INTO "content_texture" VALUES(253,'textures/253/Ellipse_3.png');
INSERT INTO "content_texture" VALUES(254,'textures/254/Ellipse_3.png');
INSERT INTO "content_texture" VALUES(255,'textures/255/Ellipse_3.png');
INSERT INTO "content_texture" VALUES(256,'textures/256/Ellipse_3.png');
INSERT INTO "content_texture" VALUES(257,'textures/257/Ellipse_3.png');
INSERT INTO "content_texture" VALUES(258,'textures/258/Ellipse_3.png');
INSERT INTO "content_texture" VALUES(259,'textures/259/Ellipse_3.png');
INSERT INTO "content_texture" VALUES(260,'textures/260/Ellipse_3.png');
INSERT INTO "content_texture" VALUES(261,'textures/261/Ellipse_3.png');
INSERT INTO "content_texture" VALUES(262,'textures/262/Ellipse_3.png');
INSERT INTO "content_texture" VALUES(263,'textures/263/Ellipse_3.png');
INSERT INTO "content_texture" VALUES(264,'textures/264/Ellipse_3.png');
INSERT INTO "content_texture" VALUES(265,'textures/265/Ellipse_3.png');
INSERT INTO "content_texture" VALUES(266,'textures/266/Ellipse_3.png');
INSERT INTO "content_texture" VALUES(267,'textures/267/Ellipse_3.png');
INSERT INTO "content_texture" VALUES(268,'textures/268/Ellipse_3.png');
INSERT INTO "content_texture" VALUES(269,'textures/269/Ellipse_3.png');
INSERT INTO "content_texture" VALUES(270,'textures/270/Ellipse_3.png');
INSERT INTO "content_texture" VALUES(271,'textures/271/Ellipse_3.png');
INSERT INTO "content_texture" VALUES(272,'textures/272/Ellipse_3.png');
INSERT INTO "content_texture" VALUES(273,'textures/273/Ellipse_3.png');
INSERT INTO "content_texture" VALUES(274,'textures/274/Ellipse_3.png');
INSERT INTO "content_texture" VALUES(275,'textures/275/Ellipse_3.png');
INSERT INTO "content_texture" VALUES(276,'textures/276/Ellipse_3.png');
INSERT INTO "content_texture" VALUES(277,'textures/277/Ellipse_3.png');
INSERT INTO "content_texture" VALUES(278,'textures/278/Ellipse_3.png');
INSERT INTO "content_texture" VALUES(279,'textures/279/Ellipse_3.png');
INSERT INTO "content_texture" VALUES(280,'textures/280/Ellipse_3.png');
INSERT INTO "content_texture" VALUES(281,'textures/281/Ellipse_3.png');
INSERT INTO "content_texture" VALUES(282,'textures/282/Ellipse_3.png');
INSERT INTO "content_texture" VALUES(283,'textures/283/Ellipse_3.png');
INSERT INTO "content_texture" VALUES(284,'textures/284/Ellipse_3.png');
INSERT INTO "content_texture" VALUES(285,'textures/285/Ellipse_3.png');
INSERT INTO "content_texture" VALUES(286,'textures/286/Ellipse_3.png');
INSERT INTO "content_texture" VALUES(287,'textures/287/Ellipse_3.png');
INSERT INTO "content_texture" VALUES(288,'textures/288/Ellipse_3.png');
INSERT INTO "content_texture" VALUES(289,'textures/289/Ellipse_3.png');
INSERT INTO "content_texture" VALUES(290,'textures/290/Ellipse_3.png');
INSERT INTO "content_texture" VALUES(291,'textures/291/Ellipse_3.png');
INSERT INTO "content_texture" VALUES(292,'textures/292/Ellipse_3.png');
INSERT INTO "content_texture" VALUES(293,'textures/293/Ellipse_3.png');
INSERT INTO "content_texture" VALUES(300,'textures/300/texture_1___2___2.png');
INSERT INTO "content_texture" VALUES(303,'textures/303/texture_1___2___5.png');
INSERT INTO "content_texture" VALUES(304,'textures/304/texture_1___2__.png');
INSERT INTO "content_texture" VALUES(305,'textures/305/texture_1___2.png');
INSERT INTO "content_texture" VALUES(306,'textures/306/texture_1___2___2.png');
INSERT INTO "content_texture" VALUES(307,'textures/307/texture_1___2___3.png');
INSERT INTO "content_texture" VALUES(308,'textures/308/texture_1___2___4.png');
INSERT INTO "content_texture" VALUES(309,'textures/309/texture_1___2___5.png');
INSERT INTO "content_texture" VALUES(310,'textures/310/texture_1___2__.png');
INSERT INTO "content_texture" VALUES(311,'textures/311/texture_1___2.png');
CREATE UNIQUE INDEX "auth_group_permissions_group_id_permission_id_0cd325b0_uniq" ON "auth_group_permissions" ("group_id", "permission_id");
CREATE INDEX IF NOT EXISTS "auth_group_permissions_group_id_b120cbf9" ON "auth_group_permissions" ("group_id");
CREATE INDEX IF NOT EXISTS "auth_group_permissions_permission_id_84c5c92e" ON "auth_group_permissions" ("permission_id");
CREATE UNIQUE INDEX "auth_user_groups_user_id_group_id_94350c0c_uniq" ON "auth_user_groups" ("user_id", "group_id");
CREATE INDEX IF NOT EXISTS "auth_user_groups_user_id_6a12ed8b" ON "auth_user_groups" ("user_id");
CREATE INDEX IF NOT EXISTS "auth_user_groups_group_id_97559544" ON "auth_user_groups" ("group_id");
CREATE UNIQUE INDEX "auth_user_user_permissions_user_id_permission_id_14a6b632_uniq" ON "auth_user_user_permissions" ("user_id", "permission_id");
CREATE INDEX IF NOT EXISTS "auth_user_user_permissions_user_id_a95ead1b" ON "auth_user_user_permissions" ("user_id");
CREATE INDEX IF NOT EXISTS "auth_user_user_permissions_permission_id_1fbb5f2c" ON "auth_user_user_permissions" ("permission_id");
CREATE INDEX IF NOT EXISTS "django_admin_log_content_type_id_c4bce8eb" ON "django_admin_log" ("content_type_id");
CREATE INDEX IF NOT EXISTS "django_admin_log_user_id_c564eba6" ON "django_admin_log" ("user_id");
CREATE UNIQUE INDEX "django_content_type_app_label_model_76bd3d3b_uniq" ON "django_content_type" ("app_label", "model");
CREATE UNIQUE INDEX "auth_permission_content_type_id_codename_01ab375a_uniq" ON "auth_permission" ("content_type_id", "codename");
CREATE INDEX IF NOT EXISTS "auth_permission_content_type_id_2f476e4b" ON "auth_permission" ("content_type_id");
CREATE INDEX IF NOT EXISTS "content_assettag_category_id_c168d6a0" ON "content_assettag" ("category_id");
CREATE UNIQUE INDEX "content_asset_tags_asset_id_assettag_id_4e1866d9_uniq" ON "content_asset_tags" ("asset_id", "assettag_id");
CREATE INDEX IF NOT EXISTS "content_asset_tags_asset_id_559b2df4" ON "content_asset_tags" ("asset_id");
CREATE INDEX IF NOT EXISTS "content_asset_tags_assettag_id_3798b13b" ON "content_asset_tags" ("assettag_id");
CREATE UNIQUE INDEX "content_asset_textures_asset_id_texture_id_195211a7_uniq" ON "content_asset_textures" ("asset_id", "texture_id");
CREATE INDEX IF NOT EXISTS "content_asset_textures_asset_id_cbf1eb2c" ON "content_asset_textures" ("asset_id");
CREATE INDEX IF NOT EXISTS "content_asset_textures_texture_id_4806b76d" ON "content_asset_textures" ("texture_id");
CREATE INDEX IF NOT EXISTS "django_session_expire_date_a5c62663" ON "django_session" ("expire_date");
CREATE INDEX IF NOT EXISTS "content_asset_author_id_5b35e82f" ON "content_asset" ("author_id");
CREATE UNIQUE INDEX "content_asset_favorites_asset_id_user_id_576e585a_uniq" ON "content_asset_favorites" ("asset_id", "user_id");
CREATE INDEX IF NOT EXISTS "content_asset_favorites_asset_id_39f92eec" ON "content_asset_favorites" ("asset_id");
CREATE INDEX IF NOT EXISTS "content_asset_favorites_user_id_53cd0955" ON "content_asset_favorites" ("user_id");
CREATE TABLE IF NOT EXISTS "django_admin_log" ("id" integer NOT NULL PRIMARY KEY AUTOINCREMENT, "object_id" text NULL, "object_repr" varchar(200) NOT NULL, "action_flag" smallint unsigned NOT NULL CHECK ("action_flag" >= 0), "change_message" text NOT NULL, "content_type_id" integer NULL REFERENCES "django_content_type" ("id") DEFERRABLE INITIALLY DEFERRED, "user_id" integer NOT NULL REFERENCES "auth_user" ("id") DEFERRABLE INITIALLY DEFERRED, "action_time" datetime NOT NULL);
INSERT INTO "django_admin_log" VALUES(1,'1','Zone',1,'[{"added": {}}]',7,1,'2023-06-09 11:33:41.407115');
INSERT INTO "django_admin_log" VALUES(2,'2','Material',1,'[{"added": {}}]',7,1,'2023-06-09 11:33:58.397282');
INSERT INTO "django_admin_log" VALUES(3,'3','Type',1,'[{"added": {}}]',7,1,'2023-06-09 11:35:00.162824');
INSERT INTO "django_admin_log" VALUES(4,'1','Personnel Zone',1,'[{"added": {}}]',9,1,'2023-06-10 08:52:02.984923');
INSERT INTO "django_admin_log" VALUES(5,'2','Entrance Hub',1,'[{"added": {}}]',9,1,'2023-06-10 08:52:12.571487');
INSERT INTO "django_admin_log" VALUES(6,'3','Power Substation Zone',1,'[{"added": {}}]',9,1,'2023-06-10 08:52:30.599420');
INSERT INTO "django_admin_log" VALUES(7,'4','Containment Bay',1,'[{"added": {}}]',9,1,'2023-06-10 08:52:42.532492');
INSERT INTO "django_admin_log" VALUES(8,'5','Surface Location',1,'[{"added": {}}]',9,1,'2023-06-10 08:53:08.047510');
INSERT INTO "django_admin_log" VALUES(9,'6','Train Location',1,'[{"added": {}}]',9,1,'2023-06-10 08:53:22.726955');
INSERT INTO "django_admin_log" VALUES(10,'7','Wood',1,'[{"added": {}}]',9,1,'2023-06-10 08:53:51.036869');
INSERT INTO "django_admin_log" VALUES(11,'8','Concrete',1,'[{"added": {}}]',9,1,'2023-06-10 08:56:04.159925');
INSERT INTO "django_admin_log" VALUES(12,'9','Metal',1,'[{"added": {}}]',9,1,'2023-06-10 08:56:13.097950');
INSERT INTO "django_admin_log" VALUES(13,'10','Plastic',1,'[{"added": {}}]',9,1,'2023-06-10 08:56:22.042404');
INSERT INTO "django_admin_log" VALUES(14,'11','Paper',1,'[{"added": {}}]',9,1,'2023-06-10 08:56:27.859440');
INSERT INTO "django_admin_log" VALUES(15,'12','Cardboard',1,'[{"added": {}}]',9,1,'2023-06-10 08:56:38.895468');
INSERT INTO "django_admin_log" VALUES(16,'13','Furniture',1,'[{"added": {}}]',9,1,'2023-06-10 08:56:51.360493');
INSERT INTO "django_admin_log" VALUES(17,'14','Prop',1,'[{"added": {}}]',9,1,'2023-06-10 08:57:00.392322');
INSERT INTO "django_admin_log" VALUES(18,'15','Skeleton',1,'[{"added": {}}]',9,1,'2023-06-10 08:57:36.633646');
INSERT INTO "django_admin_log" VALUES(19,'2','Asset object (2)',2,'[{"changed": {"fields": ["Tags"]}}]',10,1,'2023-06-11 12:27:05.947930');
INSERT INTO "django_admin_log" VALUES(20,'5','Asset object (5)',3,'',10,1,'2023-06-11 12:46:35.515469');
INSERT INTO "django_admin_log" VALUES(21,'2','test',2,'[{"changed": {"fields": ["User permissions"]}}]',4,1,'2023-06-17 13:22:19.966348');
INSERT INTO "django_admin_log" VALUES(22,'2','test',2,'[{"changed": {"fields": ["User permissions"]}}]',4,1,'2023-06-17 14:22:55.735806');
INSERT INTO "django_admin_log" VALUES(23,'2','test',2,'[{"changed": {"fields": ["User permissions"]}}]',4,1,'2023-06-17 14:42:46.886227');
INSERT INTO "django_admin_log" VALUES(24,'2','test',2,'[{"changed": {"fields": ["User permissions"]}}]',4,1,'2023-07-13 18:43:40.049597');
INSERT INTO "django_admin_log" VALUES(25,'2','test',2,'[{"changed": {"fields": ["User permissions"]}}]',4,1,'2023-07-13 18:44:39.452548');
INSERT INTO "django_admin_log" VALUES(26,'2','test',2,'[{"changed": {"fields": ["User permissions"]}}]',4,1,'2023-07-13 18:48:18.161229');
CREATE UNIQUE INDEX "auth_group_permissions_group_id_permission_id_0cd325b0_uniq" ON "auth_group_permissions" ("group_id", "permission_id");
CREATE INDEX IF NOT EXISTS "auth_group_permissions_group_id_b120cbf9" ON "auth_group_permissions" ("group_id");
CREATE INDEX IF NOT EXISTS "auth_group_permissions_permission_id_84c5c92e" ON "auth_group_permissions" ("permission_id");
CREATE UNIQUE INDEX "auth_user_groups_user_id_group_id_94350c0c_uniq" ON "auth_user_groups" ("user_id", "group_id");
CREATE INDEX IF NOT EXISTS "auth_user_groups_user_id_6a12ed8b" ON "auth_user_groups" ("user_id");
CREATE INDEX IF NOT EXISTS "auth_user_groups_group_id_97559544" ON "auth_user_groups" ("group_id");
CREATE UNIQUE INDEX "auth_user_user_permissions_user_id_permission_id_14a6b632_uniq" ON "auth_user_user_permissions" ("user_id", "permission_id");
CREATE INDEX IF NOT EXISTS "auth_user_user_permissions_user_id_a95ead1b" ON "auth_user_user_permissions" ("user_id");
CREATE INDEX IF NOT EXISTS "auth_user_user_permissions_permission_id_1fbb5f2c" ON "auth_user_user_permissions" ("permission_id");
CREATE INDEX IF NOT EXISTS "django_admin_log_content_type_id_c4bce8eb" ON "django_admin_log" ("content_type_id");
CREATE INDEX IF NOT EXISTS "django_admin_log_user_id_c564eba6" ON "django_admin_log" ("user_id");
CREATE UNIQUE INDEX "django_content_type_app_label_model_76bd3d3b_uniq" ON "django_content_type" ("app_label", "model");
CREATE UNIQUE INDEX "auth_permission_content_type_id_codename_01ab375a_uniq" ON "auth_permission" ("content_type_id", "codename");
CREATE INDEX IF NOT EXISTS "auth_permission_content_type_id_2f476e4b" ON "auth_permission" ("content_type_id");
CREATE INDEX IF NOT EXISTS "content_assettag_category_id_c168d6a0" ON "content_assettag" ("category_id");
CREATE UNIQUE INDEX "content_asset_tags_asset_id_assettag_id_4e1866d9_uniq" ON "content_asset_tags" ("asset_id", "assettag_id");
CREATE INDEX IF NOT EXISTS "content_asset_tags_asset_id_559b2df4" ON "content_asset_tags" ("asset_id");
CREATE INDEX IF NOT EXISTS "content_asset_tags_assettag_id_3798b13b" ON "content_asset_tags" ("assettag_id");
CREATE UNIQUE INDEX "content_asset_textures_asset_id_texture_id_195211a7_uniq" ON "content_asset_textures" ("asset_id", "texture_id");
CREATE INDEX IF NOT EXISTS "content_asset_textures_asset_id_cbf1eb2c" ON "content_asset_textures" ("asset_id");
CREATE INDEX IF NOT EXISTS "content_asset_textures_texture_id_4806b76d" ON "content_asset_textures" ("texture_id");
CREATE INDEX IF NOT EXISTS "django_session_expire_date_a5c62663" ON "django_session" ("expire_date");
CREATE INDEX IF NOT EXISTS "content_asset_author_id_5b35e82f" ON "content_asset" ("author_id");
CREATE UNIQUE INDEX "content_asset_favorites_asset_id_user_id_576e585a_uniq" ON "content_asset_favorites" ("asset_id", "user_id");
CREATE INDEX IF NOT EXISTS "content_asset_favorites_asset_id_39f92eec" ON "content_asset_favorites" ("asset_id");
CREATE INDEX IF NOT EXISTS "content_asset_favorites_user_id_53cd0955" ON "content_asset_favorites" ("user_id");
CREATE TABLE IF NOT EXISTS "django_content_type" ("id" integer NOT NULL PRIMARY KEY AUTOINCREMENT, "app_label" varchar(100) NOT NULL, "model" varchar(100) NOT NULL);
INSERT INTO "django_content_type" VALUES(1,'admin','logentry');
INSERT INTO "django_content_type" VALUES(2,'auth','permission');
INSERT INTO "django_content_type" VALUES(3,'auth','group');
INSERT INTO "django_content_type" VALUES(4,'auth','user');
INSERT INTO "django_content_type" VALUES(5,'contenttypes','contenttype');
INSERT INTO "django_content_type" VALUES(6,'sessions','session');
INSERT INTO "django_content_type" VALUES(7,'content','assettagcategory');
INSERT INTO "django_content_type" VALUES(8,'content','texture');
INSERT INTO "django_content_type" VALUES(9,'content','assettag');
INSERT INTO "django_content_type" VALUES(10,'content','asset');
CREATE UNIQUE INDEX "auth_group_permissions_group_id_permission_id_0cd325b0_uniq" ON "auth_group_permissions" ("group_id", "permission_id");
CREATE INDEX IF NOT EXISTS "auth_group_permissions_group_id_b120cbf9" ON "auth_group_permissions" ("group_id");
CREATE INDEX IF NOT EXISTS "auth_group_permissions_permission_id_84c5c92e" ON "auth_group_permissions" ("permission_id");
CREATE UNIQUE INDEX "auth_user_groups_user_id_group_id_94350c0c_uniq" ON "auth_user_groups" ("user_id", "group_id");
CREATE INDEX IF NOT EXISTS "auth_user_groups_user_id_6a12ed8b" ON "auth_user_groups" ("user_id");
CREATE INDEX IF NOT EXISTS "auth_user_groups_group_id_97559544" ON "auth_user_groups" ("group_id");
CREATE UNIQUE INDEX "auth_user_user_permissions_user_id_permission_id_14a6b632_uniq" ON "auth_user_user_permissions" ("user_id", "permission_id");
CREATE INDEX IF NOT EXISTS "auth_user_user_permissions_user_id_a95ead1b" ON "auth_user_user_permissions" ("user_id");
CREATE INDEX IF NOT EXISTS "auth_user_user_permissions_permission_id_1fbb5f2c" ON "auth_user_user_permissions" ("permission_id");
CREATE INDEX IF NOT EXISTS "django_admin_log_content_type_id_c4bce8eb" ON "django_admin_log" ("content_type_id");
CREATE INDEX IF NOT EXISTS "django_admin_log_user_id_c564eba6" ON "django_admin_log" ("user_id");
CREATE UNIQUE INDEX "django_content_type_app_label_model_76bd3d3b_uniq" ON "django_content_type" ("app_label", "model");
CREATE UNIQUE INDEX "auth_permission_content_type_id_codename_01ab375a_uniq" ON "auth_permission" ("content_type_id", "codename");
CREATE INDEX IF NOT EXISTS "auth_permission_content_type_id_2f476e4b" ON "auth_permission" ("content_type_id");
CREATE INDEX IF NOT EXISTS "content_assettag_category_id_c168d6a0" ON "content_assettag" ("category_id");
CREATE UNIQUE INDEX "content_asset_tags_asset_id_assettag_id_4e1866d9_uniq" ON "content_asset_tags" ("asset_id", "assettag_id");
CREATE INDEX IF NOT EXISTS "content_asset_tags_asset_id_559b2df4" ON "content_asset_tags" ("asset_id");
CREATE INDEX IF NOT EXISTS "content_asset_tags_assettag_id_3798b13b" ON "content_asset_tags" ("assettag_id");
CREATE UNIQUE INDEX "content_asset_textures_asset_id_texture_id_195211a7_uniq" ON "content_asset_textures" ("asset_id", "texture_id");
CREATE INDEX IF NOT EXISTS "content_asset_textures_asset_id_cbf1eb2c" ON "content_asset_textures" ("asset_id");
CREATE INDEX IF NOT EXISTS "content_asset_textures_texture_id_4806b76d" ON "content_asset_textures" ("texture_id");
CREATE INDEX IF NOT EXISTS "django_session_expire_date_a5c62663" ON "django_session" ("expire_date");
CREATE INDEX IF NOT EXISTS "content_asset_author_id_5b35e82f" ON "content_asset" ("author_id");
CREATE UNIQUE INDEX "content_asset_favorites_asset_id_user_id_576e585a_uniq" ON "content_asset_favorites" ("asset_id", "user_id");
CREATE INDEX IF NOT EXISTS "content_asset_favorites_asset_id_39f92eec" ON "content_asset_favorites" ("asset_id");
CREATE INDEX IF NOT EXISTS "content_asset_favorites_user_id_53cd0955" ON "content_asset_favorites" ("user_id");
CREATE TABLE IF NOT EXISTS "django_migrations" ("id" integer NOT NULL PRIMARY KEY AUTOINCREMENT, "app" varchar(255) NOT NULL, "name" varchar(255) NOT NULL, "applied" datetime NOT NULL);
INSERT INTO "django_migrations" VALUES(1,'contenttypes','0001_initial','2023-06-09 10:44:25.625973');
INSERT INTO "django_migrations" VALUES(2,'auth','0001_initial','2023-06-09 10:44:25.650907');
INSERT INTO "django_migrations" VALUES(3,'admin','0001_initial','2023-06-09 10:44:25.668864');
INSERT INTO "django_migrations" VALUES(4,'admin','0002_logentry_remove_auto_add','2023-06-09 10:44:25.683819');
INSERT INTO "django_migrations" VALUES(5,'admin','0003_logentry_add_action_flag_choices','2023-06-09 10:44:25.694789');
INSERT INTO "django_migrations" VALUES(6,'contenttypes','0002_remove_content_type_name','2023-06-09 10:44:25.714736');
INSERT INTO "django_migrations" VALUES(7,'auth','0002_alter_permission_name_max_length','2023-06-09 10:44:25.728699');
INSERT INTO "django_migrations" VALUES(8,'auth','0003_alter_user_email_max_length','2023-06-09 10:44:25.741664');
INSERT INTO "django_migrations" VALUES(9,'auth','0004_alter_user_username_opts','2023-06-09 10:44:25.752635');
INSERT INTO "django_migrations" VALUES(10,'auth','0005_alter_user_last_login_null','2023-06-09 10:44:25.767595');
INSERT INTO "django_migrations" VALUES(11,'auth','0006_require_contenttypes_0002','2023-06-09 10:44:25.773579');
INSERT INTO "django_migrations" VALUES(12,'auth','0007_alter_validators_add_error_messages','2023-06-09 10:44:25.785578');
INSERT INTO "django_migrations" VALUES(13,'auth','0008_alter_user_username_max_length','2023-06-09 10:44:25.800537');
INSERT INTO "django_migrations" VALUES(14,'auth','0009_alter_user_last_name_max_length','2023-06-09 10:44:25.813503');
INSERT INTO "django_migrations" VALUES(15,'auth','0010_alter_group_name_max_length','2023-06-09 10:44:25.826468');
INSERT INTO "django_migrations" VALUES(16,'auth','0011_update_proxy_permissions','2023-06-09 10:44:25.836442');
INSERT INTO "django_migrations" VALUES(17,'auth','0012_alter_user_first_name_max_length','2023-06-09 10:44:25.851402');
INSERT INTO "django_migrations" VALUES(18,'content','0001_initial','2023-06-09 10:44:25.877332');
INSERT INTO "django_migrations" VALUES(19,'sessions','0001_initial','2023-06-09 10:44:25.891325');
INSERT INTO "django_migrations" VALUES(20,'content','0002_alter_asset_options_alter_assettag_options_and_more','2023-06-13 16:18:14.071321');
INSERT INTO "django_migrations" VALUES(21,'content','0003_asset_last_update','2023-06-13 16:36:09.837111');
INSERT INTO "django_migrations" VALUES(22,'content','0004_alter_asset_options','2023-06-17 12:52:31.199098');
INSERT INTO "django_migrations" VALUES(23,'content','0005_alter_asset_options_asset_favorites','2023-06-20 14:39:18.046298');
INSERT INTO "django_migrations" VALUES(24,'content','0006_alter_asset_options','2023-07-13 18:38:52.270848');
INSERT INTO "django_migrations" VALUES(25,'content','0007_alter_asset_options','2023-07-14 11:22:52.214039');
CREATE UNIQUE INDEX "auth_group_permissions_group_id_permission_id_0cd325b0_uniq" ON "auth_group_permissions" ("group_id", "permission_id");
CREATE INDEX IF NOT EXISTS "auth_group_permissions_group_id_b120cbf9" ON "auth_group_permissions" ("group_id");
CREATE INDEX IF NOT EXISTS "auth_group_permissions_permission_id_84c5c92e" ON "auth_group_permissions" ("permission_id");
CREATE UNIQUE INDEX "auth_user_groups_user_id_group_id_94350c0c_uniq" ON "auth_user_groups" ("user_id", "group_id");
CREATE INDEX IF NOT EXISTS "auth_user_groups_user_id_6a12ed8b" ON "auth_user_groups" ("user_id");
CREATE INDEX IF NOT EXISTS "auth_user_groups_group_id_97559544" ON "auth_user_groups" ("group_id");
CREATE UNIQUE INDEX "auth_user_user_permissions_user_id_permission_id_14a6b632_uniq" ON "auth_user_user_permissions" ("user_id", "permission_id");
CREATE INDEX IF NOT EXISTS "auth_user_user_permissions_user_id_a95ead1b" ON "auth_user_user_permissions" ("user_id");
CREATE INDEX IF NOT EXISTS "auth_user_user_permissions_permission_id_1fbb5f2c" ON "auth_user_user_permissions" ("permission_id");
CREATE INDEX IF NOT EXISTS "django_admin_log_content_type_id_c4bce8eb" ON "django_admin_log" ("content_type_id");
CREATE INDEX IF NOT EXISTS "django_admin_log_user_id_c564eba6" ON "django_admin_log" ("user_id");
CREATE UNIQUE INDEX "django_content_type_app_label_model_76bd3d3b_uniq" ON "django_content_type" ("app_label", "model");
CREATE UNIQUE INDEX "auth_permission_content_type_id_codename_01ab375a_uniq" ON "auth_permission" ("content_type_id", "codename");
CREATE INDEX IF NOT EXISTS "auth_permission_content_type_id_2f476e4b" ON "auth_permission" ("content_type_id");
CREATE INDEX IF NOT EXISTS "content_assettag_category_id_c168d6a0" ON "content_assettag" ("category_id");
CREATE UNIQUE INDEX "content_asset_tags_asset_id_assettag_id_4e1866d9_uniq" ON "content_asset_tags" ("asset_id", "assettag_id");
CREATE INDEX IF NOT EXISTS "content_asset_tags_asset_id_559b2df4" ON "content_asset_tags" ("asset_id");
CREATE INDEX IF NOT EXISTS "content_asset_tags_assettag_id_3798b13b" ON "content_asset_tags" ("assettag_id");
CREATE UNIQUE INDEX "content_asset_textures_asset_id_texture_id_195211a7_uniq" ON "content_asset_textures" ("asset_id", "texture_id");
CREATE INDEX IF NOT EXISTS "content_asset_textures_asset_id_cbf1eb2c" ON "content_asset_textures" ("asset_id");
CREATE INDEX IF NOT EXISTS "content_asset_textures_texture_id_4806b76d" ON "content_asset_textures" ("texture_id");
CREATE INDEX IF NOT EXISTS "django_session_expire_date_a5c62663" ON "django_session" ("expire_date");
CREATE INDEX IF NOT EXISTS "content_asset_author_id_5b35e82f" ON "content_asset" ("author_id");
CREATE UNIQUE INDEX "content_asset_favorites_asset_id_user_id_576e585a_uniq" ON "content_asset_favorites" ("asset_id", "user_id");
CREATE INDEX IF NOT EXISTS "content_asset_favorites_asset_id_39f92eec" ON "content_asset_favorites" ("asset_id");
CREATE INDEX IF NOT EXISTS "content_asset_favorites_user_id_53cd0955" ON "content_asset_favorites" ("user_id");
CREATE TABLE IF NOT EXISTS "django_session" ("session_key" varchar(40) NOT NULL PRIMARY KEY, "session_data" text NOT NULL, "expire_date" datetime NOT NULL);
INSERT INTO "django_session" VALUES('m2opu8ajgn8d57da7uv1zcx6rvaimr1z','.eJxVjDsOwyAQRO9CHSEMLJ-U6X0GtMASnERYMnYV5e6xJRdJNdK8N_NmAbe1hq3TEqbMrmxgl98uYnpSO0B-YLvPPM1tXabID4WftPNxzvS6ne7fQcVe97VAZQCdcCZl0EWhBKvQDr4AYdQKvRZZFpRSRx2T8VBIG7KZ9vDg2OcL2RM32w:1q8eWA:Yx4Q5dWNxAY0WMHWh_NZoCCZOT5OxK4olYzeIQqsfpU','2023-06-26 10:11:22.506563');
INSERT INTO "django_session" VALUES('xxvcli5uz0n9og9ern0yv4bxjp57af79','.eJxVjDsOwyAQRO9CHSEMLJ-U6X0GtMASnERYMnYV5e6xJRdJNdK8N_NmAbe1hq3TEqbMrmxgl98uYnpSO0B-YLvPPM1tXabID4WftPNxzvS6ne7fQcVe97VAZQCdcCZl0EWhBKvQDr4AYdQKvRZZFpRSRx2T8VBIG7KZ9vDg2OcL2RM32w:1q96By:eku14hKHMT5GvFXzFaAJ2Ab8ppn0OyJqssitdNe0ERM','2023-06-27 15:44:22.705179');
INSERT INTO "django_session" VALUES('7l6o4lx0f2k86q2n7ss1p8u09x3zzkzj','.eJxVjDsOwjAQBe_iGln24l8o6XMGax3v4gCypTipEHeHSCmgfTPzXiLitpa4dVrinMVFgDj9bgmnB9Ud5DvWW5NTq-syJ7kr8qBdji3T83q4fwcFe_nWbI0zOlhI3iM7sN4yMmRCQ0PKHDQFrQfFAIocJXUmB975oFVONoB4fwDdHzd9:1qAX8e:tY6k-8gP8ASxm3uqM78G3R9jgJ3gIgmVG_tv13BD5nU','2023-07-01 14:42:52.562283');
INSERT INTO "django_session" VALUES('nqh30z61rfz0gvlcz30bwr30334eihh8','.eJxVjDsOwyAQRO9CHSEMLJ-U6X0GtMASnERYMnYV5e6xJRdJNdK8N_NmAbe1hq3TEqbMrmxgl98uYnpSO0B-YLvPPM1tXabID4WftPNxzvS6ne7fQcVe97VAZQCdcCZl0EWhBKvQDr4AYdQKvRZZFpRSRx2T8VBIG7KZ9vDg2OcL2RM32w:1qBYKc:pY4CF7U3qvIiEh9-Go4ykF582qK1QUJdTvHm8OzWZ3s','2023-07-04 10:11:26.485092');
INSERT INTO "django_session" VALUES('qlfu0at3rbbse338rjecvy383jwqjn4h','.eJxVjDsOwyAQRO9CHSEMLJ-U6X0GtMASnERYMnYV5e6xJRdJNdK8N_NmAbe1hq3TEqbMrmxgl98uYnpSO0B-YLvPPM1tXabID4WftPNxzvS6ne7fQcVe97VAZQCdcCZl0EWhBKvQDr4AYdQKvRZZFpRSRx2T8VBIG7KZ9vDg2OcL2RM32w:1qBz5D:NV5sr2oZ6uqYJuVM1oxemP9GoIf-NKRQB0A0tjh3_9A','2023-07-05 14:45:19.543425');
INSERT INTO "django_session" VALUES('4hnpqcfp1o2pr8499weszx30lfcc3yrp','.eJxVjDsOwyAQRO9CHSEMLJ-U6X0GtMASnERYMnYV5e6xJRdJNdK8N_NmAbe1hq3TEqbMrmxgl98uYnpSO0B-YLvPPM1tXabID4WftPNxzvS6ne7fQcVe97VAZQCdcCZl0EWhBKvQDr4AYdQKvRZZFpRSRx2T8VBIG7KZ9vDg2OcL2RM32w:1qGgor:h_DAIrFp9MZapIjOkFBMVapuqRPrYw00kOapufJhbWc','2023-07-18 14:15:53.197086');
INSERT INTO "django_session" VALUES('w7xlpms139a5jw0vpu2c5ecvju56zan6','.eJxVjL0OAiEQhN-F2hCWP09Le5-BLOwipwaS464yvruSXKHNFPN9My8RcFtL2DovYSZxFiAOv13E9OA6AN2x3ppMra7LHOVQ5E67vDbi52V3_w4K9jLWHlVkAHVSKaEjPVG0oI33SmVj0CJN5hs6Qs4Ok4MUWREhINsjO_H-APGBOLk:1qIphe:Cy0tHWzfUxpsqMUA2Hqdeap9wZXLS_1mgCMXmLfZu4M','2023-07-24 12:09:18.558443');
INSERT INTO "django_session" VALUES('2t7p22y5btnsxo8mdzghvmyhlhxggjf2','.eJxVjMsOwiAQRf-FtSE8HXDpvt9AhoFK1UBS2pXx35WkC93d3HNyXizgvpWw97yGJbELk-z0-0WkR64DpDvWW-PU6rYukQ-FH7TzqaX8vB7uX6BgLyObFDkNANJDNNopLT0qIPHdlK1HHWcCPXsyTngDyslhCnuWydiY2PsDr-w2kg:1qKGtQ:lYusc7r68RDIh9Z3UBQTc7uHwz6LeYhE3JBWiw6DCRk','2023-07-28 11:23:24.888089');
CREATE UNIQUE INDEX "auth_group_permissions_group_id_permission_id_0cd325b0_uniq" ON "auth_group_permissions" ("group_id", "permission_id");
CREATE INDEX IF NOT EXISTS "auth_group_permissions_group_id_b120cbf9" ON "auth_group_permissions" ("group_id");
CREATE INDEX IF NOT EXISTS "auth_group_permissions_permission_id_84c5c92e" ON "auth_group_permissions" ("permission_id");
CREATE UNIQUE INDEX "auth_user_groups_user_id_group_id_94350c0c_uniq" ON "auth_user_groups" ("user_id", "group_id");
CREATE INDEX IF NOT EXISTS "auth_user_groups_user_id_6a12ed8b" ON "auth_user_groups" ("user_id");
CREATE INDEX IF NOT EXISTS "auth_user_groups_group_id_97559544" ON "auth_user_groups" ("group_id");
CREATE UNIQUE INDEX "auth_user_user_permissions_user_id_permission_id_14a6b632_uniq" ON "auth_user_user_permissions" ("user_id", "permission_id");
CREATE INDEX IF NOT EXISTS "auth_user_user_permissions_user_id_a95ead1b" ON "auth_user_user_permissions" ("user_id");
CREATE INDEX IF NOT EXISTS "auth_user_user_permissions_permission_id_1fbb5f2c" ON "auth_user_user_permissions" ("permission_id");
CREATE INDEX IF NOT EXISTS "django_admin_log_content_type_id_c4bce8eb" ON "django_admin_log" ("content_type_id");
CREATE INDEX IF NOT EXISTS "django_admin_log_user_id_c564eba6" ON "django_admin_log" ("user_id");
CREATE UNIQUE INDEX "django_content_type_app_label_model_76bd3d3b_uniq" ON "django_content_type" ("app_label", "model");
CREATE UNIQUE INDEX "auth_permission_content_type_id_codename_01ab375a_uniq" ON "auth_permission" ("content_type_id", "codename");
CREATE INDEX IF NOT EXISTS "auth_permission_content_type_id_2f476e4b" ON "auth_permission" ("content_type_id");
CREATE INDEX IF NOT EXISTS "content_assettag_category_id_c168d6a0" ON "content_assettag" ("category_id");
CREATE UNIQUE INDEX "content_asset_tags_asset_id_assettag_id_4e1866d9_uniq" ON "content_asset_tags" ("asset_id", "assettag_id");
CREATE INDEX IF NOT EXISTS "content_asset_tags_asset_id_559b2df4" ON "content_asset_tags" ("asset_id");
CREATE INDEX IF NOT EXISTS "content_asset_tags_assettag_id_3798b13b" ON "content_asset_tags" ("assettag_id");
CREATE UNIQUE INDEX "content_asset_textures_asset_id_texture_id_195211a7_uniq" ON "content_asset_textures" ("asset_id", "texture_id");
CREATE INDEX IF NOT EXISTS "content_asset_textures_asset_id_cbf1eb2c" ON "content_asset_textures" ("asset_id");
CREATE INDEX IF NOT EXISTS "content_asset_textures_texture_id_4806b76d" ON "content_asset_textures" ("texture_id");
CREATE INDEX IF NOT EXISTS "django_session_expire_date_a5c62663" ON "django_session" ("expire_date");
CREATE INDEX IF NOT EXISTS "content_asset_author_id_5b35e82f" ON "content_asset" ("author_id");
CREATE UNIQUE INDEX "content_asset_favorites_asset_id_user_id_576e585a_uniq" ON "content_asset_favorites" ("asset_id", "user_id");
CREATE INDEX IF NOT EXISTS "content_asset_favorites_asset_id_39f92eec" ON "content_asset_favorites" ("asset_id");
CREATE INDEX IF NOT EXISTS "content_asset_favorites_user_id_53cd0955" ON "content_asset_favorites" ("user_id");
